Side,1
PairPath,\\KSG-FSAOI\daten\Verifizierdaten_1\20231018\614581_helles Entek neu\614581_helles Entek neu[3031341]_1\614581_helles Entek neu[3031341]_1_B_1\WorkData\Work.csv
State,Finish
Join,False,0
KindName,
LotNumber,
StartDate,10/18/2023 3:28:58 PM
Check,1,1,14,Pass,-1,-1,-1,
Check,1,1,53,Pass,-1,-1,-1,
Check,1,1,11,Pass,-1,-1,-1,
Check,1,1,59,Pass,-1,-1,-1,
Check,1,1,60,Pass,-1,-1,-1,
Check,1,1,10,Pass,-1,-1,-1,
Check,1,1,54,Pass,-1,-1,-1,
Check,1,1,55,Pass,-1,-1,-1,
Check,1,1,34,Pass,-1,-1,-1,
Check,1,1,50,Pass,-1,-1,-1,
Check,1,1,52,Pass,-1,-1,-1,
Check,1,1,57,Pass,-1,-1,-1,
Check,1,1,51,Pass,-1,-1,-1,
Check,1,1,56,Pass,-1,-1,-1,
Check,1,1,58,Pass,-1,-1,-1,
Check,1,1,37,Pass,-1,-1,-1,
Check,1,1,38,Pass,-1,-1,-1,
Check,1,1,39,Pass,-1,-1,-1,
Check,1,1,40,Pass,-1,-1,-1,
Check,1,1,41,Pass,-1,-1,-1,
Check,1,1,42,Pass,-1,-1,-1,
Check,1,1,43,Pass,-1,-1,-1,
Check,1,1,44,Pass,-1,-1,-1,
Check,1,1,45,Pass,-1,-1,-1,
Check,1,1,46,Pass,-1,-1,-1,
Check,1,1,48,Pass,-1,-1,-1,
Check,1,1,35,Pass,-1,-1,-1,
Check,1,1,49,Pass,-1,-1,-1,
Check,1,1,36,Pass,-1,-1,-1,
Check,1,1,47,Pass,-1,-1,-1,
Check,1,1,9,Pass,-1,-1,-1,
Check,1,1,25,Pass,-1,-1,-1,
Check,1,1,31,Pass,-1,-1,-1,
Check,1,1,32,Pass,-1,-1,-1,
Check,1,1,26,Bad,-1,-1,-1,
Check,1,1,27,Bad,-1,-1,-1,
Check,1,1,28,Bad,-1,-1,-1,
Check,1,1,29,Bad,-1,-1,-1,
Check,1,1,30,Bad,-1,-1,-1,
Check,1,1,33,Bad,-1,-1,-1,
Check,1,2,41,Bad,-1,-1,-1,
Check,1,2,44,Bad,-1,-1,-1,
Check,1,1,7,Pass,-1,-1,-1,
Check,1,1,8,Pass,-1,-1,-1,
Check,1,1,21,Pass,-1,-1,-1,
Check,1,1,22,Pass,-1,-1,-1,
Check,1,1,23,Pass,-1,-1,-1,
Check,1,1,24,Pass,-1,-1,-1,
Check,1,1,2,Pass,-1,-1,-1,
Check,1,1,3,Pass,-1,-1,-1,
Check,1,1,4,Pass,-1,-1,-1,
Check,1,1,5,Pass,-1,-1,-1,
Check,1,1,6,Pass,-1,-1,-1,
Check,1,1,19,Pass,-1,-1,-1,
Check,1,1,18,Pass,-1,-1,-1,
Check,1,1,20,Pass,-1,-1,-1,
Check,1,1,0,Pass,-1,-1,-1,
Check,1,1,1,Pass,-1,-1,-1,
Check,1,1,15,Pass,-1,-1,-1,
Check,1,1,17,Pass,-1,-1,-1,
Check,1,1,16,Pass,-1,-1,-1,
Check,1,1,12,Pass,-1,-1,-1,
Check,1,1,13,Pass,-1,-1,-1,
Check,1,2,1,Pass,-1,-1,-1,
Check,1,2,2,Pass,-1,-1,-1,
Check,1,2,3,Pass,-1,-1,-1,
Check,1,2,64,Pass,-1,-1,-1,
Check,1,2,71,Pass,-1,-1,-1,
Check,1,2,72,Pass,-1,-1,-1,
Check,1,2,77,Pass,-1,-1,-1,
Check,1,2,94,Pass,-1,-1,-1,
Check,1,2,73,Pass,-1,-1,-1,
Check,1,2,74,Pass,-1,-1,-1,
Check,1,2,75,Pass,-1,-1,-1,
Check,1,2,76,Pass,-1,-1,-1,
Check,1,2,95,Pass,-1,-1,-1,
Check,1,2,96,Pass,-1,-1,-1,
Check,1,2,97,Pass,-1,-1,-1,
Check,1,2,98,Pass,-1,-1,-1,
Check,1,2,81,Pass,-1,-1,-1,
Check,1,2,83,Pass,-1,-1,-1,
Check,1,2,84,Pass,-1,-1,-1,
Check,1,2,87,Pass,-1,-1,-1,
Check,1,2,91,Pass,-1,-1,-1,
Check,1,2,92,Pass,-1,-1,-1,
Check,1,2,93,Pass,-1,-1,-1,
Check,1,2,54,Pass,-1,-1,-1,
Check,1,2,57,Pass,-1,-1,-1,
Check,1,2,58,Pass,-1,-1,-1,
Check,1,2,59,Pass,-1,-1,-1,
Check,1,2,60,Pass,-1,-1,-1,
Check,1,2,62,Pass,-1,-1,-1,
Check,1,2,63,Pass,-1,-1,-1,
Check,1,2,37,Pass,-1,-1,-1,
Check,1,2,45,Pass,-1,-1,-1,
Check,1,2,52,Pass,-1,-1,-1,
Check,1,2,53,Pass,-1,-1,-1,
Check,1,2,55,Pass,-1,-1,-1,
Check,1,2,56,Pass,-1,-1,-1,
Check,1,2,66,Pass,-1,-1,-1,
Check,1,2,20,Pass,-1,-1,-1,
Check,1,2,21,Pass,-1,-1,-1,
Check,1,2,38,Pass,-1,-1,-1,
Check,1,2,61,Pass,-1,-1,-1,
Check,1,2,65,Pass,-1,-1,-1,
Check,1,2,67,Pass,-1,-1,-1,
Check,1,2,68,Pass,-1,-1,-1,
Check,1,2,69,Pass,-1,-1,-1,
Check,1,2,70,Pass,-1,-1,-1,
Check,1,2,88,Pass,-1,-1,-1,
Check,1,2,89,Pass,-1,-1,-1,
Check,1,2,90,Pass,-1,-1,-1,
Check,1,2,48,Pass,-1,-1,-1,
Check,1,2,49,Pass,-1,-1,-1,
Check,1,2,46,Pass,-1,-1,-1,
Check,1,2,47,Pass,-1,-1,-1,
Check,1,2,50,Pass,-1,-1,-1,
Check,1,2,51,Pass,-1,-1,-1,
Check,1,2,85,Pass,-1,-1,-1,
Check,1,2,86,Pass,-1,-1,-1,
Check,1,2,40,Pass,-1,-1,-1,
Check,1,2,39,Pass,-1,-1,-1,
Check,1,2,42,Pass,-1,-1,-1,
Check,1,2,43,Pass,-1,-1,-1,
Check,1,2,82,Pass,-1,-1,-1,
Check,1,2,33,Pass,-1,-1,-1,
Check,1,2,31,Pass,-1,-1,-1,
Check,1,2,32,Pass,-1,-1,-1,
Check,1,2,34,Pass,-1,-1,-1,
Check,1,2,35,Pass,-1,-1,-1,
Check,1,2,36,Pass,-1,-1,-1,
Check,1,2,80,Pass,-1,-1,-1,
Check,1,2,28,Pass,-1,-1,-1,
Check,1,2,29,Pass,-1,-1,-1,
Check,1,2,27,Pass,-1,-1,-1,
Check,1,2,30,Pass,-1,-1,-1,
Check,1,2,79,Pass,-1,-1,-1,
Check,1,2,6,Pass,-1,-1,-1,
Check,1,2,4,Pass,-1,-1,-1,
Check,1,2,5,Pass,-1,-1,-1,
Check,1,2,7,Pass,-1,-1,-1,
Check,1,2,8,Pass,-1,-1,-1,
Check,1,2,9,Pass,-1,-1,-1,
Check,1,2,10,Pass,-1,-1,-1,
Check,1,2,11,Pass,-1,-1,-1,
Check,1,2,12,Pass,-1,-1,-1,
Check,1,2,13,Pass,-1,-1,-1,
Check,1,2,14,Pass,-1,-1,-1,
Check,1,2,15,Pass,-1,-1,-1,
Check,1,2,16,Pass,-1,-1,-1,
Check,1,2,17,Pass,-1,-1,-1,
Check,1,2,18,Pass,-1,-1,-1,
Check,1,2,19,Pass,-1,-1,-1,
Check,1,2,22,Pass,-1,-1,-1,
Check,1,2,23,Pass,-1,-1,-1,
Check,1,2,24,Pass,-1,-1,-1,
Check,1,2,25,Pass,-1,-1,-1,
Check,1,2,26,Pass,-1,-1,-1,
Check,1,2,0,Pass,-1,-1,-1,
Check,1,2,78,Pass,-1,-1,-1,
Check,2,1,36,Pass,-1,-1,-1,
Check,2,1,2,Pass,-1,-1,-1,
Check,2,1,3,Pass,-1,-1,-1,
Check,2,1,6,Pass,-1,-1,-1,
Check,2,1,4,Pass,-1,-1,-1,
Check,2,1,5,Pass,-1,-1,-1,
Check,2,1,23,Pass,-1,-1,-1,
Check,2,1,29,Pass,-1,-1,-1,
Check,2,1,33,Pass,-1,-1,-1,
Check,2,1,34,Pass,-1,-1,-1,
Check,2,1,30,Pass,-1,-1,-1,
Check,2,1,31,Pass,-1,-1,-1,
Check,2,1,32,Pass,-1,-1,-1,
Check,2,1,35,Pass,-1,-1,-1,
Check,2,1,25,Pass,-1,-1,-1,
Check,2,1,24,Pass,-1,-1,-1,
Check,2,1,26,Pass,-1,-1,-1,
Check,2,1,27,Pass,-1,-1,-1,
Check,2,1,28,Pass,-1,-1,-1,
Check,2,1,19,Pass,-1,-1,-1,
Check,2,1,21,Pass,-1,-1,-1,
Check,2,1,22,Pass,-1,-1,-1,
Check,2,1,20,Pass,-1,-1,-1,
Check,2,1,15,Pass,-1,-1,-1,
Check,2,1,16,Pass,-1,-1,-1,
Check,2,1,17,Pass,-1,-1,-1,
Check,2,1,18,Pass,-1,-1,-1,
Check,2,1,1,Pass,-1,-1,-1,
Check,2,1,9,Pass,-1,-1,-1,
Check,2,1,13,Pass,-1,-1,-1,
Check,2,1,14,Pass,-1,-1,-1,
Check,2,1,10,Pass,-1,-1,-1,
Check,2,1,12,Pass,-1,-1,-1,
Check,2,1,11,Pass,-1,-1,-1,
Check,2,1,0,Bad,-1,-1,-1,
Check,2,1,8,Pass,-1,-1,-1,
Check,2,1,7,Pass,-1,-1,-1,
Check,2,2,2,Pass,-1,-1,-1,
Check,2,2,3,Pass,-1,-1,-1,
Check,2,2,4,Pass,-1,-1,-1,
Check,2,2,29,Pass,-1,-1,-1,
Check,2,2,33,Pass,-1,-1,-1,
Check,2,2,36,Pass,-1,-1,-1,
Check,2,2,37,Pass,-1,-1,-1,
Check,2,2,39,Pass,-1,-1,-1,
Check,2,2,55,Pass,-1,-1,-1,
Check,2,2,34,Pass,-1,-1,-1,
Check,2,2,35,Pass,-1,-1,-1,
Check,2,2,56,Pass,-1,-1,-1,
Check,2,2,42,Pass,-1,-1,-1,
Check,2,2,43,Pass,-1,-1,-1,
Check,2,2,47,Pass,-1,-1,-1,
Check,2,2,50,Pass,-1,-1,-1,
Check,2,2,51,Pass,-1,-1,-1,
Check,2,2,52,Pass,-1,-1,-1,
Check,2,2,53,Pass,-1,-1,-1,
Check,2,2,54,Pass,-1,-1,-1,
Check,2,2,25,Pass,-1,-1,-1,
Check,2,2,26,Pass,-1,-1,-1,
Check,2,2,27,Pass,-1,-1,-1,
Check,2,2,32,Pass,-1,-1,-1,
Check,2,2,28,Pass,-1,-1,-1,
Check,2,2,30,Pass,-1,-1,-1,
Check,2,2,31,Pass,-1,-1,-1,
Check,2,2,48,Pass,-1,-1,-1,
Check,2,2,49,Pass,-1,-1,-1,
Check,2,2,21,Pass,-1,-1,-1,
Check,2,2,22,Pass,-1,-1,-1,
Check,2,2,23,Pass,-1,-1,-1,
Check,2,2,18,Pass,-1,-1,-1,
Check,2,2,19,Pass,-1,-1,-1,
Check,2,2,20,Pass,-1,-1,-1,
Check,2,2,24,Pass,-1,-1,-1,
Check,2,2,44,Pass,-1,-1,-1,
Check,2,2,45,Pass,-1,-1,-1,
Check,2,2,46,Pass,-1,-1,-1,
Check,2,2,16,Pass,-1,-1,-1,
Check,2,2,15,Pass,-1,-1,-1,
Check,2,2,17,Pass,-1,-1,-1,
Check,2,2,12,Pass,-1,-1,-1,
Check,2,2,14,Pass,-1,-1,-1,
Check,2,2,10,Pass,-1,-1,-1,
Check,2,2,11,Pass,-1,-1,-1,
Check,2,2,13,Pass,-1,-1,-1,
Check,2,2,41,Pass,-1,-1,-1,
Check,2,2,7,Pass,-1,-1,-1,
Check,2,2,8,Pass,-1,-1,-1,
Check,2,2,9,Pass,-1,-1,-1,
Check,2,2,6,Pass,-1,-1,-1,
Check,2,2,40,Bad,-1,-1,-1,
Check,2,2,5,Pass,-1,-1,-1,
Check,2,2,0,Pass,-1,-1,-1,
Check,2,2,1,Pass,-1,-1,-1,
Check,2,2,38,Pass,-1,-1,-1,
Check,3,1,24,Pass,-1,-1,-1,
Check,3,1,67,Pass,-1,-1,-1,
Check,3,1,68,Pass,-1,-1,-1,
Check,3,1,17,Pass,-1,-1,-1,
Check,3,1,18,Pass,-1,-1,-1,
Check,3,1,19,Pass,-1,-1,-1,
Check,3,1,20,Pass,-1,-1,-1,
Check,3,1,21,Pass,-1,-1,-1,
Check,3,1,59,Pass,-1,-1,-1,
Check,3,1,60,Pass,-1,-1,-1,
Check,3,1,61,Pass,-1,-1,-1,
Check,3,1,62,Pass,-1,-1,-1,
Check,3,1,63,Pass,-1,-1,-1,
Check,3,1,64,Pass,-1,-1,-1,
Check,3,1,50,Pass,-1,-1,-1,
Check,3,1,55,Pass,-1,-1,-1,
Check,3,1,65,Pass,-1,-1,-1,
Check,3,1,56,Pass,-1,-1,-1,
Check,3,1,57,Pass,-1,-1,-1,
Check,3,1,58,Pass,-1,-1,-1,
Check,3,1,66,Pass,-1,-1,-1,
Check,3,1,51,Pass,-1,-1,-1,
Check,3,1,54,Pass,-1,-1,-1,
Check,3,1,52,Pass,-1,-1,-1,
Check,3,1,53,Pass,-1,-1,-1,
Check,3,1,13,Pass,-1,-1,-1,
Check,3,1,14,Pass,-1,-1,-1,
Check,3,1,15,Pass,-1,-1,-1,
Check,3,1,16,Pass,-1,-1,-1,
Check,3,1,39,Bad,-1,-1,-1,
Check,3,1,42,Bad,-1,-1,-1,
Check,3,1,45,Bad,-1,-1,-1,
Check,3,1,46,Bad,-1,-1,-1,
Check,3,1,47,Bad,-1,-1,-1,
Check,3,1,48,Bad,-1,-1,-1,
Check,3,1,49,Bad,-1,-1,-1,
Check,3,2,19,Bad,-1,-1,-1,
Check,3,1,41,Bad,-1,-1,-1,
Check,3,1,43,Bad,-1,-1,-1,
Check,3,1,44,Bad,-1,-1,-1,
Check,3,2,18,Bad,-1,-1,-1,
Check,3,1,40,Pass,-1,-1,-1,
Check,3,1,9,Pass,-1,-1,-1,
Check,3,1,10,Pass,-1,-1,-1,
Check,3,1,12,Bad,-1,-1,-1,
Check,3,1,37,Bad,-1,-1,-1,
Check,3,1,38,Bad,-1,-1,-1,
Check,3,2,13,Bad,-1,-1,-1,
Check,3,1,11,Pass,-1,-1,-1,
Check,3,1,36,Pass,-1,-1,-1,
Check,3,1,3,Pass,-1,-1,-1,
Check,3,1,8,Pass,-1,-1,-1,
Check,3,1,4,Pass,-1,-1,-1,
Check,3,1,5,Pass,-1,-1,-1,
Check,3,1,6,Pass,-1,-1,-1,
Check,3,1,7,Pass,-1,-1,-1,
Check,3,1,33,Pass,-1,-1,-1,
Check,3,1,35,Pass,-1,-1,-1,
Check,3,1,34,Pass,-1,-1,-1,
Check,3,1,0,Pass,-1,-1,-1,
Check,3,1,26,Bad,-1,-1,-1,
Check,3,1,27,Bad,-1,-1,-1,
Check,3,1,28,Bad,-1,-1,-1,
Check,3,1,29,Bad,-1,-1,-1,
Check,3,1,31,Bad,-1,-1,-1,
Check,3,1,32,Bad,-1,-1,-1,
Check,3,2,4,Bad,-1,-1,-1,
Check,3,1,1,Pass,-1,-1,-1,
Check,3,1,2,Pass,-1,-1,-1,
Check,3,1,25,Pass,-1,-1,-1,
Check,3,1,30,Pass,-1,-1,-1,
Check,3,1,22,Pass,-1,-1,-1,
Check,3,1,23,Pass,-1,-1,-1,
Check,3,2,1,Pass,-1,-1,-1,
Check,3,2,2,Pass,-1,-1,-1,
Check,3,2,33,Pass,-1,-1,-1,
Check,3,2,38,Pass,-1,-1,-1,
Check,3,2,39,Pass,-1,-1,-1,
Check,3,2,53,Pass,-1,-1,-1,
Check,3,2,54,Pass,-1,-1,-1,
Check,3,2,36,Pass,-1,-1,-1,
Check,3,2,37,Pass,-1,-1,-1,
Check,3,2,55,Pass,-1,-1,-1,
Check,3,2,42,Pass,-1,-1,-1,
Check,3,2,44,Pass,-1,-1,-1,
Check,3,2,47,Pass,-1,-1,-1,
Check,3,2,50,Pass,-1,-1,-1,
Check,3,2,51,Pass,-1,-1,-1,
Check,3,2,52,Pass,-1,-1,-1,
Check,3,2,30,Pass,-1,-1,-1,
Check,3,2,29,Pass,-1,-1,-1,
Check,3,2,31,Pass,-1,-1,-1,
Check,3,2,32,Pass,-1,-1,-1,
Check,3,2,34,Pass,-1,-1,-1,
Check,3,2,35,Pass,-1,-1,-1,
Check,3,2,48,Pass,-1,-1,-1,
Check,3,2,49,Pass,-1,-1,-1,
Check,3,2,24,Pass,-1,-1,-1,
Check,3,2,23,Pass,-1,-1,-1,
Check,3,2,27,Pass,-1,-1,-1,
Check,3,2,28,Pass,-1,-1,-1,
Check,3,2,20,Pass,-1,-1,-1,
Check,3,2,21,Pass,-1,-1,-1,
Check,3,2,22,Pass,-1,-1,-1,
Check,3,2,25,Pass,-1,-1,-1,
Check,3,2,26,Pass,-1,-1,-1,
Check,3,2,45,Pass,-1,-1,-1,
Check,3,2,46,Pass,-1,-1,-1,
Check,3,2,15,Pass,-1,-1,-1,
Check,3,2,16,Pass,-1,-1,-1,
Check,3,2,17,Pass,-1,-1,-1,
Check,3,2,43,Pass,-1,-1,-1,
Check,3,2,12,Pass,-1,-1,-1,
Check,3,2,10,Pass,-1,-1,-1,
Check,3,2,11,Pass,-1,-1,-1,
Check,3,2,14,Pass,-1,-1,-1,
Check,3,2,41,Pass,-1,-1,-1,
Check,3,2,8,Pass,-1,-1,-1,
Check,3,2,9,Pass,-1,-1,-1,
Check,3,2,6,Pass,-1,-1,-1,
Check,3,2,7,Pass,-1,-1,-1,
Check,3,2,40,Pass,-1,-1,-1,
Check,3,2,3,Pass,-1,-1,-1,
Check,3,2,5,Pass,-1,-1,-1,
Check,3,2,0,Pass,-1,-1,-1,
Check,4,1,57,Pass,-1,-1,-1,
Check,4,1,40,Pass,-1,-1,-1,
Check,4,1,41,Pass,-1,-1,-1,
Check,4,1,42,Pass,-1,-1,-1,
Check,4,1,43,Pass,-1,-1,-1,
Check,4,1,44,Pass,-1,-1,-1,
Check,4,1,45,Pass,-1,-1,-1,
Check,4,1,46,Pass,-1,-1,-1,
Check,4,1,47,Pass,-1,-1,-1,
Check,4,1,48,Pass,-1,-1,-1,
Check,4,1,49,Pass,-1,-1,-1,
Check,4,1,50,Pass,-1,-1,-1,
Check,4,1,51,Pass,-1,-1,-1,
Check,4,1,52,Pass,-1,-1,-1,
Check,4,1,53,Pass,-1,-1,-1,
Check,4,1,54,Pass,-1,-1,-1,
Check,4,1,55,Pass,-1,-1,-1,
Check,4,1,56,Pass,-1,-1,-1,
Check,4,1,79,Pass,-1,-1,-1,
Check,4,1,82,Pass,-1,-1,-1,
Check,4,1,83,Pass,-1,-1,-1,
Check,4,1,84,Pass,-1,-1,-1,
Check,4,1,85,Pass,-1,-1,-1,
Check,4,1,86,Pass,-1,-1,-1,
Check,4,1,87,Pass,-1,-1,-1,
Check,4,1,88,Pass,-1,-1,-1,
Check,4,1,89,Pass,-1,-1,-1,
Check,4,1,90,Pass,-1,-1,-1,
Check,4,1,91,Pass,-1,-1,-1,
Check,4,1,92,Pass,-1,-1,-1,
Check,4,1,61,Pass,-1,-1,-1,
Check,4,1,74,Pass,-1,-1,-1,
Check,4,1,75,Pass,-1,-1,-1,
Check,4,1,77,Pass,-1,-1,-1,
Check,4,1,78,Pass,-1,-1,-1,
Check,4,1,80,Pass,-1,-1,-1,
Check,4,1,76,Pass,-1,-1,-1,
Check,4,1,81,Pass,-1,-1,-1,
Check,4,1,22,Pass,-1,-1,-1,
Check,4,1,23,Pass,-1,-1,-1,
Check,4,1,26,Pass,-1,-1,-1,
Check,4,1,29,Pass,-1,-1,-1,
Check,4,1,31,Pass,-1,-1,-1,
Check,4,1,32,Pass,-1,-1,-1,
Check,4,1,33,Pass,-1,-1,-1,
Check,4,1,34,Pass,-1,-1,-1,
Check,4,1,20,Pass,-1,-1,-1,
Check,4,1,21,Pass,-1,-1,-1,
Check,4,1,24,Pass,-1,-1,-1,
Check,4,1,25,Pass,-1,-1,-1,
Check,4,1,27,Pass,-1,-1,-1,
Check,4,1,28,Pass,-1,-1,-1,
Check,4,1,30,Pass,-1,-1,-1,
Check,4,1,35,Pass,-1,-1,-1,
Check,4,1,36,Pass,-1,-1,-1,
Check,4,1,37,Pass,-1,-1,-1,
Check,4,1,38,Pass,-1,-1,-1,
Check,4,1,39,Pass,-1,-1,-1,
Check,4,1,70,Pass,-1,-1,-1,
Check,4,1,73,Pass,-1,-1,-1,
Check,4,1,62,Pass,-1,-1,-1,
Check,4,1,64,Pass,-1,-1,-1,
Check,4,1,65,Pass,-1,-1,-1,
Check,4,1,67,Pass,-1,-1,-1,
Check,4,1,68,Pass,-1,-1,-1,
Check,4,1,69,Pass,-1,-1,-1,
Check,4,1,71,Pass,-1,-1,-1,
Check,4,1,72,Pass,-1,-1,-1,
Check,4,1,63,Pass,-1,-1,-1,
Check,4,1,66,Pass,-1,-1,-1,
Check,4,1,5,Pass,-1,-1,-1,
Check,4,1,6,Pass,-1,-1,-1,
Check,4,1,7,Pass,-1,-1,-1,
Check,4,1,8,Pass,-1,-1,-1,
Check,4,1,9,Pass,-1,-1,-1,
Check,4,1,10,Pass,-1,-1,-1,
Check,4,1,11,Pass,-1,-1,-1,
Check,4,1,12,Pass,-1,-1,-1,
Check,4,1,13,Pass,-1,-1,-1,
Check,4,1,14,Pass,-1,-1,-1,
Check,4,1,15,Pass,-1,-1,-1,
Check,4,1,16,Pass,-1,-1,-1,
Check,4,1,17,Pass,-1,-1,-1,
Check,4,1,18,Pass,-1,-1,-1,
Check,4,1,19,Pass,-1,-1,-1,
Check,4,1,60,Pass,-1,-1,-1,
Check,4,1,1,Pass,-1,-1,-1,
Check,4,1,2,Pass,-1,-1,-1,
Check,4,1,3,Pass,-1,-1,-1,
Check,4,1,4,Pass,-1,-1,-1,
Check,4,1,59,Pass,-1,-1,-1,
Check,4,1,0,Pass,-1,-1,-1,
Check,4,1,58,Pass,-1,-1,-1,
Check,4,2,1,Pass,-1,-1,-1,
Check,4,2,2,Pass,-1,-1,-1,
Check,4,2,22,Pass,-1,-1,-1,
Check,4,2,23,Pass,-1,-1,-1,
Check,4,2,24,Pass,-1,-1,-1,
Check,4,2,27,Pass,-1,-1,-1,
Check,4,2,11,Pass,-1,-1,-1,
Check,4,2,12,Pass,-1,-1,-1,
Check,4,2,13,Pass,-1,-1,-1,
Check,4,2,14,Pass,-1,-1,-1,
Check,4,2,15,Pass,-1,-1,-1,
Check,4,2,16,Pass,-1,-1,-1,
Check,4,2,17,Pass,-1,-1,-1,
Check,4,2,18,Pass,-1,-1,-1,
Check,4,2,19,Pass,-1,-1,-1,
Check,4,2,20,Pass,-1,-1,-1,
Check,4,2,21,Pass,-1,-1,-1,
Check,4,2,30,Pass,-1,-1,-1,
Check,4,2,31,Pass,-1,-1,-1,
Check,4,2,32,Pass,-1,-1,-1,
Check,4,2,29,Pass,-1,-1,-1,
Check,4,2,3,Pass,-1,-1,-1,
Check,4,2,4,Pass,-1,-1,-1,
Check,4,2,5,Pass,-1,-1,-1,
Check,4,2,8,Pass,-1,-1,-1,
Check,4,2,9,Pass,-1,-1,-1,
Check,4,2,10,Pass,-1,-1,-1,
Check,4,2,6,Pass,-1,-1,-1,
Check,4,2,7,Pass,-1,-1,-1,
Check,4,2,28,Pass,-1,-1,-1,
Check,4,2,0,Pass,-1,-1,-1,
Check,4,2,25,Pass,-1,-1,-1,
Check,4,2,26,Pass,-1,-1,-1,
Check,5,2,3,Pass,-1,-1,-1,
Check,5,2,4,Pass,-1,-1,-1,
Check,5,2,12,Pass,-1,-1,-1,
Check,5,2,13,Pass,-1,-1,-1,
Check,5,2,14,Pass,-1,-1,-1,
Check,5,2,15,Pass,-1,-1,-1,
Check,5,2,19,Pass,-1,-1,-1,
Check,5,2,21,Pass,-1,-1,-1,
Check,5,2,22,Pass,-1,-1,-1,
Check,5,2,41,Pass,-1,-1,-1,
Check,5,2,34,Pass,-1,-1,-1,
Check,5,2,35,Pass,-1,-1,-1,
Check,5,2,36,Pass,-1,-1,-1,
Check,5,2,51,Pass,-1,-1,-1,
Check,5,2,52,Pass,-1,-1,-1,
Check,5,2,53,Pass,-1,-1,-1,
Check,5,2,54,Pass,-1,-1,-1,
Check,5,2,55,Pass,-1,-1,-1,
Check,5,2,56,Pass,-1,-1,-1,
Check,5,2,57,Pass,-1,-1,-1,
Check,5,2,58,Pass,-1,-1,-1,
Check,5,2,59,Pass,-1,-1,-1,
Check,5,2,60,Pass,-1,-1,-1,
Check,5,2,61,Pass,-1,-1,-1,
Check,5,2,62,Pass,-1,-1,-1,
Check,5,2,63,Pass,-1,-1,-1,
Check,5,2,43,Pass,-1,-1,-1,
Check,5,2,48,Pass,-1,-1,-1,
Check,5,2,49,Pass,-1,-1,-1,
Check,5,2,16,Pass,-1,-1,-1,
Check,5,2,25,Pass,-1,-1,-1,
Check,5,2,27,Pass,-1,-1,-1,
Check,5,2,29,Pass,-1,-1,-1,
Check,5,2,50,Pass,-1,-1,-1,
Check,5,2,23,Pass,-1,-1,-1,
Check,5,2,28,Pass,-1,-1,-1,
Check,5,2,17,Pass,-1,-1,-1,
Check,5,2,24,Pass,-1,-1,-1,
Check,5,2,26,Pass,-1,-1,-1,
Check,5,2,30,Pass,-1,-1,-1,
Check,5,2,32,Pass,-1,-1,-1,
Check,5,2,33,Pass,-1,-1,-1,
Check,5,2,31,Pass,-1,-1,-1,
Check,5,2,18,Pass,-1,-1,-1,
Check,5,2,20,Pass,-1,-1,-1,
Check,5,2,10,Pass,-1,-1,-1,
Check,5,2,11,Pass,-1,-1,-1,
Check,5,2,47,Pass,-1,-1,-1,
Check,5,2,9,Pass,-1,-1,-1,
Check,5,2,8,Pass,-1,-1,-1,
Check,5,2,42,Pass,-1,-1,-1,
Check,5,2,44,Pass,-1,-1,-1,
Check,5,2,45,Pass,-1,-1,-1,
Check,5,2,46,Pass,-1,-1,-1,
Check,5,2,5,Pass,-1,-1,-1,
Check,5,2,6,Pass,-1,-1,-1,
Check,5,2,7,Pass,-1,-1,-1,
Check,5,2,0,Pass,-1,-1,-1,
Check,5,2,1,Pass,-1,-1,-1,
Check,5,2,2,Pass,-1,-1,-1,
Check,5,2,37,Pass,-1,-1,-1,
Check,5,2,38,Pass,-1,-1,-1,
Check,5,2,39,Pass,-1,-1,-1,
Check,5,2,40,Pass,-1,-1,-1,
Check,5,1,31,Pass,-1,-1,-1,
Check,5,1,32,Pass,-1,-1,-1,
Check,5,1,33,Pass,-1,-1,-1,
Check,5,1,52,Pass,-1,-1,-1,
Check,5,1,53,Pass,-1,-1,-1,
Check,5,1,54,Pass,-1,-1,-1,
Check,5,1,55,Pass,-1,-1,-1,
Check,5,1,240,Pass,-1,-1,-1,
Check,5,1,243,Pass,-1,-1,-1,
Check,5,1,246,Pass,-1,-1,-1,
Check,5,1,247,Pass,-1,-1,-1,
Check,5,1,248,Pass,-1,-1,-1,
Check,5,1,321,Pass,-1,-1,-1,
Check,5,1,324,Pass,-1,-1,-1,
Check,5,1,326,Pass,-1,-1,-1,
Check,5,1,327,Pass,-1,-1,-1,
Check,5,1,155,Pass,-1,-1,-1,
Check,5,1,156,Pass,-1,-1,-1,
Check,5,1,157,Pass,-1,-1,-1,
Check,5,1,158,Pass,-1,-1,-1,
Check,5,1,159,Pass,-1,-1,-1,
Check,5,1,160,Pass,-1,-1,-1,
Check,5,1,161,Pass,-1,-1,-1,
Check,5,1,162,Pass,-1,-1,-1,
Check,5,1,163,Pass,-1,-1,-1,
Check,5,1,164,Pass,-1,-1,-1,
Check,5,1,165,Pass,-1,-1,-1,
Check,5,1,166,Pass,-1,-1,-1,
Check,5,1,167,Pass,-1,-1,-1,
Check,5,1,168,Pass,-1,-1,-1,
Check,5,1,169,Pass,-1,-1,-1,
Check,5,1,170,Pass,-1,-1,-1,
Check,5,1,171,Pass,-1,-1,-1,
Check,5,1,172,Pass,-1,-1,-1,
Check,5,1,173,Pass,-1,-1,-1,
Check,5,1,174,Pass,-1,-1,-1,
Check,5,1,175,Pass,-1,-1,-1,
Check,5,1,176,Pass,-1,-1,-1,
Check,5,1,180,Pass,-1,-1,-1,
Check,5,1,182,Pass,-1,-1,-1,
Check,5,1,184,Pass,-1,-1,-1,
Check,5,1,185,Pass,-1,-1,-1,
Check,5,1,186,Pass,-1,-1,-1,
Check,5,1,187,Pass,-1,-1,-1,
Check,5,1,188,Pass,-1,-1,-1,
Check,5,1,190,Pass,-1,-1,-1,
Check,5,1,191,Pass,-1,-1,-1,
Check,5,1,192,Pass,-1,-1,-1,
Check,5,1,193,Pass,-1,-1,-1,
Check,5,1,194,Pass,-1,-1,-1,
Check,5,1,195,Pass,-1,-1,-1,
Check,5,1,196,Pass,-1,-1,-1,
Check,5,1,198,Pass,-1,-1,-1,
Check,5,1,199,Pass,-1,-1,-1,
Check,5,1,200,Pass,-1,-1,-1,
Check,5,1,201,Pass,-1,-1,-1,
Check,5,1,202,Pass,-1,-1,-1,
Check,5,1,205,Pass,-1,-1,-1,
Check,5,1,206,Pass,-1,-1,-1,
Check,5,1,210,Pass,-1,-1,-1,
Check,5,1,177,Pass,-1,-1,-1,
Check,5,1,178,Pass,-1,-1,-1,
Check,5,1,179,Pass,-1,-1,-1,
Check,5,1,181,Pass,-1,-1,-1,
Check,5,1,183,Pass,-1,-1,-1,
Check,5,1,189,Pass,-1,-1,-1,
Check,5,1,197,Pass,-1,-1,-1,
Check,5,1,203,Pass,-1,-1,-1,
Check,5,1,204,Pass,-1,-1,-1,
Check,5,1,207,Pass,-1,-1,-1,
Check,5,1,208,Pass,-1,-1,-1,
Check,5,1,209,Pass,-1,-1,-1,
Check,5,1,211,Pass,-1,-1,-1,
Check,5,1,212,Pass,-1,-1,-1,
Check,5,1,397,Pass,-1,-1,-1,
Check,5,1,398,Pass,-1,-1,-1,
Check,5,1,399,Pass,-1,-1,-1,
Check,5,1,400,Pass,-1,-1,-1,
Check,5,1,402,Pass,-1,-1,-1,
Check,5,1,403,Pass,-1,-1,-1,
Check,5,1,404,Pass,-1,-1,-1,
Check,5,1,405,Pass,-1,-1,-1,
Check,5,1,407,Pass,-1,-1,-1,
Check,5,1,409,Pass,-1,-1,-1,
Check,5,1,410,Pass,-1,-1,-1,
Check,5,1,297,Pass,-1,-1,-1,
Check,5,1,300,Pass,-1,-1,-1,
Check,5,1,319,Pass,-1,-1,-1,
Check,5,1,401,Pass,-1,-1,-1,
Check,5,1,406,Pass,-1,-1,-1,
Check,5,1,408,Pass,-1,-1,-1,
Check,5,1,411,Pass,-1,-1,-1,
Check,5,1,413,Pass,-1,-1,-1,
Check,5,1,414,Pass,-1,-1,-1,
Check,5,1,415,Pass,-1,-1,-1,
Check,5,1,416,Pass,-1,-1,-1,
Check,5,1,418,Pass,-1,-1,-1,
Check,5,1,419,Pass,-1,-1,-1,
Check,5,1,420,Pass,-1,-1,-1,
Check,5,1,421,Pass,-1,-1,-1,
Check,5,1,422,Pass,-1,-1,-1,
Check,5,1,423,Pass,-1,-1,-1,
Check,5,1,424,Pass,-1,-1,-1,
Check,5,1,425,Pass,-1,-1,-1,
Check,5,1,426,Pass,-1,-1,-1,
Check,5,1,427,Pass,-1,-1,-1,
Check,5,1,428,Pass,-1,-1,-1,
Check,5,1,429,Pass,-1,-1,-1,
Check,5,1,430,Pass,-1,-1,-1,
Check,5,1,431,Pass,-1,-1,-1,
Check,5,1,432,Pass,-1,-1,-1,
Check,5,1,433,Pass,-1,-1,-1,
Check,5,1,434,Pass,-1,-1,-1,
Check,5,1,435,Pass,-1,-1,-1,
Check,5,1,438,Pass,-1,-1,-1,
Check,5,1,417,Pass,-1,-1,-1,
Check,5,1,437,Pass,-1,-1,-1,
Check,5,1,412,Pass,-1,-1,-1,
Check,5,1,436,Pass,-1,-1,-1,
Check,5,1,79,Pass,-1,-1,-1,
Check,5,1,92,Pass,-1,-1,-1,
Check,5,1,93,Pass,-1,-1,-1,
Check,5,1,94,Pass,-1,-1,-1,
Check,5,1,95,Pass,-1,-1,-1,
Check,5,1,96,Pass,-1,-1,-1,
Check,5,1,97,Pass,-1,-1,-1,
Check,5,1,98,Pass,-1,-1,-1,
Check,5,1,99,Pass,-1,-1,-1,
Check,5,1,100,Pass,-1,-1,-1,
Check,5,1,101,Pass,-1,-1,-1,
Check,5,1,102,Pass,-1,-1,-1,
Check,5,1,103,Pass,-1,-1,-1,
Check,5,1,104,Pass,-1,-1,-1,
Check,5,1,105,Pass,-1,-1,-1,
Check,5,1,106,Pass,-1,-1,-1,
Check,5,1,107,Pass,-1,-1,-1,
Check,5,1,109,Pass,-1,-1,-1,
Check,5,1,110,Pass,-1,-1,-1,
Check,5,1,111,Pass,-1,-1,-1,
Check,5,1,115,Pass,-1,-1,-1,
Check,5,1,116,Pass,-1,-1,-1,
Check,5,1,117,Pass,-1,-1,-1,
Check,5,1,118,Pass,-1,-1,-1,
Check,5,1,119,Pass,-1,-1,-1,
Check,5,1,120,Pass,-1,-1,-1,
Check,5,1,121,Pass,-1,-1,-1,
Check,5,1,122,Pass,-1,-1,-1,
Check,5,1,123,Pass,-1,-1,-1,
Check,5,1,124,Pass,-1,-1,-1,
Check,5,1,125,Pass,-1,-1,-1,
Check,5,1,126,Pass,-1,-1,-1,
Check,5,1,127,Pass,-1,-1,-1,
Check,5,1,128,Pass,-1,-1,-1,
Check,5,1,129,Pass,-1,-1,-1,
Check,5,1,130,Pass,-1,-1,-1,
Check,5,1,131,Pass,-1,-1,-1,
Check,5,1,132,Pass,-1,-1,-1,
Check,5,1,133,Pass,-1,-1,-1,
Check,5,1,134,Pass,-1,-1,-1,
Check,5,1,135,Pass,-1,-1,-1,
Check,5,1,136,Pass,-1,-1,-1,
Check,5,1,137,Pass,-1,-1,-1,
Check,5,1,138,Pass,-1,-1,-1,
Check,5,1,139,Pass,-1,-1,-1,
Check,5,1,140,Pass,-1,-1,-1,
Check,5,1,141,Pass,-1,-1,-1,
Check,5,1,142,Pass,-1,-1,-1,
Check,5,1,143,Pass,-1,-1,-1,
Check,5,1,144,Pass,-1,-1,-1,
Check,5,1,145,Pass,-1,-1,-1,
Check,5,1,146,Pass,-1,-1,-1,
Check,5,1,147,Pass,-1,-1,-1,
Check,5,1,148,Pass,-1,-1,-1,
Check,5,1,149,Pass,-1,-1,-1,
Check,5,1,150,Pass,-1,-1,-1,
Check,5,1,151,Pass,-1,-1,-1,
Check,5,1,152,Pass,-1,-1,-1,
Check,5,1,153,Pass,-1,-1,-1,
Check,5,1,154,Pass,-1,-1,-1,
Check,5,1,56,Pass,-1,-1,-1,
Check,5,1,57,Pass,-1,-1,-1,
Check,5,1,58,Pass,-1,-1,-1,
Check,5,1,59,Pass,-1,-1,-1,
Check,5,1,60,Pass,-1,-1,-1,
Check,5,1,61,Pass,-1,-1,-1,
Check,5,1,62,Pass,-1,-1,-1,
Check,5,1,63,Pass,-1,-1,-1,
Check,5,1,64,Pass,-1,-1,-1,
Check,5,1,65,Pass,-1,-1,-1,
Check,5,1,66,Pass,-1,-1,-1,
Check,5,1,67,Pass,-1,-1,-1,
Check,5,1,68,Pass,-1,-1,-1,
Check,5,1,69,Pass,-1,-1,-1,
Check,5,1,70,Pass,-1,-1,-1,
Check,5,1,71,Pass,-1,-1,-1,
Check,5,1,72,Pass,-1,-1,-1,
Check,5,1,73,Pass,-1,-1,-1,
Check,5,1,74,Pass,-1,-1,-1,
Check,5,1,75,Pass,-1,-1,-1,
Check,5,1,76,Pass,-1,-1,-1,
Check,5,1,77,Pass,-1,-1,-1,
Check,5,1,78,Pass,-1,-1,-1,
Check,5,1,80,Pass,-1,-1,-1,
Check,5,1,81,Pass,-1,-1,-1,
Check,5,1,82,Pass,-1,-1,-1,
Check,5,1,83,Pass,-1,-1,-1,
Check,5,1,84,Pass,-1,-1,-1,
Check,5,1,85,Pass,-1,-1,-1,
Check,5,1,86,Pass,-1,-1,-1,
Check,5,1,87,Pass,-1,-1,-1,
Check,5,1,88,Pass,-1,-1,-1,
Check,5,1,89,Pass,-1,-1,-1,
Check,5,1,90,Pass,-1,-1,-1,
Check,5,1,91,Pass,-1,-1,-1,
Check,5,1,108,Pass,-1,-1,-1,
Check,5,1,112,Pass,-1,-1,-1,
Check,5,1,113,Pass,-1,-1,-1,
Check,5,1,114,Pass,-1,-1,-1,
Check,5,1,330,Pass,-1,-1,-1,
Check,5,1,331,Pass,-1,-1,-1,
Check,5,1,332,Pass,-1,-1,-1,
Check,5,1,334,Pass,-1,-1,-1,
Check,5,1,335,Pass,-1,-1,-1,
Check,5,1,336,Pass,-1,-1,-1,
Check,5,1,337,Pass,-1,-1,-1,
Check,5,1,338,Pass,-1,-1,-1,
Check,5,1,339,Pass,-1,-1,-1,
Check,5,1,342,Pass,-1,-1,-1,
Check,5,1,343,Pass,-1,-1,-1,
Check,5,1,344,Pass,-1,-1,-1,
Check,5,1,345,Pass,-1,-1,-1,
Check,5,1,346,Pass,-1,-1,-1,
Check,5,1,347,Pass,-1,-1,-1,
Check,5,1,348,Pass,-1,-1,-1,
Check,5,1,349,Pass,-1,-1,-1,
Check,5,1,351,Pass,-1,-1,-1,
Check,5,1,352,Pass,-1,-1,-1,
Check,5,1,354,Pass,-1,-1,-1,
Check,5,1,355,Pass,-1,-1,-1,
Check,5,1,357,Pass,-1,-1,-1,
Check,5,1,358,Pass,-1,-1,-1,
Check,5,1,359,Pass,-1,-1,-1,
Check,5,1,360,Pass,-1,-1,-1,
Check,5,1,361,Pass,-1,-1,-1,
Check,5,1,362,Pass,-1,-1,-1,
Check,5,1,363,Pass,-1,-1,-1,
Check,5,1,365,Pass,-1,-1,-1,
Check,5,1,366,Pass,-1,-1,-1,
Check,5,1,368,Pass,-1,-1,-1,
Check,5,1,370,Pass,-1,-1,-1,
Check,5,1,371,Pass,-1,-1,-1,
Check,5,1,372,Pass,-1,-1,-1,
Check,5,1,375,Pass,-1,-1,-1,
Check,5,1,376,Pass,-1,-1,-1,
Check,5,1,377,Pass,-1,-1,-1,
Check,5,1,378,Pass,-1,-1,-1,
Check,5,1,379,Pass,-1,-1,-1,
Check,5,1,380,Pass,-1,-1,-1,
Check,5,1,381,Pass,-1,-1,-1,
Check,5,1,382,Pass,-1,-1,-1,
Check,5,1,329,Pass,-1,-1,-1,
Check,5,1,333,Pass,-1,-1,-1,
Check,5,1,341,Pass,-1,-1,-1,
Check,5,1,369,Pass,-1,-1,-1,
Check,5,1,373,Pass,-1,-1,-1,
Check,5,1,374,Pass,-1,-1,-1,
Check,5,1,384,Pass,-1,-1,-1,
Check,5,1,386,Pass,-1,-1,-1,
Check,5,1,387,Pass,-1,-1,-1,
Check,5,1,388,Pass,-1,-1,-1,
Check,5,1,389,Pass,-1,-1,-1,
Check,5,1,390,Pass,-1,-1,-1,
Check,5,1,391,Pass,-1,-1,-1,
Check,5,1,392,Pass,-1,-1,-1,
Check,5,1,393,Pass,-1,-1,-1,
Check,5,1,340,Pass,-1,-1,-1,
Check,5,1,350,Pass,-1,-1,-1,
Check,5,1,353,Pass,-1,-1,-1,
Check,5,1,356,Pass,-1,-1,-1,
Check,5,1,364,Pass,-1,-1,-1,
Check,5,1,367,Pass,-1,-1,-1,
Check,5,1,383,Pass,-1,-1,-1,
Check,5,1,385,Pass,-1,-1,-1,
Check,5,1,394,Pass,-1,-1,-1,
Check,5,1,395,Pass,-1,-1,-1,
Check,5,1,396,Pass,-1,-1,-1,
Check,5,1,34,Pass,-1,-1,-1,
Check,5,1,35,Pass,-1,-1,-1,
Check,5,1,36,Pass,-1,-1,-1,
Check,5,1,44,Pass,-1,-1,-1,
Check,5,1,46,Pass,-1,-1,-1,
Check,5,1,47,Pass,-1,-1,-1,
Check,5,1,48,Pass,-1,-1,-1,
Check,5,1,49,Pass,-1,-1,-1,
Check,5,1,50,Pass,-1,-1,-1,
Check,5,1,37,Pass,-1,-1,-1,
Check,5,1,38,Pass,-1,-1,-1,
Check,5,1,39,Pass,-1,-1,-1,
Check,5,1,40,Pass,-1,-1,-1,
Check,5,1,41,Pass,-1,-1,-1,
Check,5,1,42,Pass,-1,-1,-1,
Check,5,1,43,Pass,-1,-1,-1,
Check,5,1,45,Pass,-1,-1,-1,
Check,5,1,51,Pass,-1,-1,-1,
Check,5,1,269,Pass,-1,-1,-1,
Check,5,1,271,Pass,-1,-1,-1,
Check,5,1,272,Pass,-1,-1,-1,
Check,5,1,273,Pass,-1,-1,-1,
Check,5,1,274,Pass,-1,-1,-1,
Check,5,1,275,Pass,-1,-1,-1,
Check,5,1,277,Pass,-1,-1,-1,
Check,5,1,280,Pass,-1,-1,-1,
Check,5,1,281,Pass,-1,-1,-1,
Check,5,1,283,Pass,-1,-1,-1,
Check,5,1,285,Pass,-1,-1,-1,
Check,5,1,286,Pass,-1,-1,-1,
Check,5,1,287,Pass,-1,-1,-1,
Check,5,1,290,Pass,-1,-1,-1,
Check,5,1,291,Pass,-1,-1,-1,
Check,5,1,293,Pass,-1,-1,-1,
Check,5,1,295,Pass,-1,-1,-1,
Check,5,1,298,Pass,-1,-1,-1,
Check,5,1,307,Pass,-1,-1,-1,
Check,5,1,311,Pass,-1,-1,-1,
Check,5,1,313,Pass,-1,-1,-1,
Check,5,1,314,Pass,-1,-1,-1,
Check,5,1,320,Pass,-1,-1,-1,
Check,5,1,322,Pass,-1,-1,-1,
Check,5,1,323,Pass,-1,-1,-1,
Check,5,1,325,Pass,-1,-1,-1,
Check,5,1,328,Pass,-1,-1,-1,
Check,5,1,249,Pass,-1,-1,-1,
Check,5,1,250,Pass,-1,-1,-1,
Check,5,1,251,Pass,-1,-1,-1,
Check,5,1,252,Pass,-1,-1,-1,
Check,5,1,253,Pass,-1,-1,-1,
Check,5,1,254,Pass,-1,-1,-1,
Check,5,1,255,Pass,-1,-1,-1,
Check,5,1,256,Pass,-1,-1,-1,
Check,5,1,257,Pass,-1,-1,-1,
Check,5,1,258,Pass,-1,-1,-1,
Check,5,1,259,Pass,-1,-1,-1,
Check,5,1,260,Pass,-1,-1,-1,
Check,5,1,261,Pass,-1,-1,-1,
Check,5,1,262,Pass,-1,-1,-1,
Check,5,1,263,Pass,-1,-1,-1,
Check,5,1,264,Pass,-1,-1,-1,
Check,5,1,265,Pass,-1,-1,-1,
Check,5,1,266,Pass,-1,-1,-1,
Check,5,1,268,Pass,-1,-1,-1,
Check,5,1,276,Pass,-1,-1,-1,
Check,5,1,278,Pass,-1,-1,-1,
Check,5,1,279,Pass,-1,-1,-1,
Check,5,1,282,Pass,-1,-1,-1,
Check,5,1,284,Pass,-1,-1,-1,
Check,5,1,288,Pass,-1,-1,-1,
Check,5,1,289,Pass,-1,-1,-1,
Check,5,1,294,Pass,-1,-1,-1,
Check,5,1,296,Pass,-1,-1,-1,
Check,5,1,299,Pass,-1,-1,-1,
Check,5,1,302,Pass,-1,-1,-1,
Check,5,1,303,Pass,-1,-1,-1,
Check,5,1,305,Pass,-1,-1,-1,
Check,5,1,306,Pass,-1,-1,-1,
Check,5,1,308,Pass,-1,-1,-1,
Check,5,1,309,Pass,-1,-1,-1,
Check,5,1,310,Pass,-1,-1,-1,
Check,5,1,312,Pass,-1,-1,-1,
Check,5,1,316,Pass,-1,-1,-1,
Check,5,1,317,Pass,-1,-1,-1,
Check,5,1,318,Pass,-1,-1,-1,
Check,5,1,267,Pass,-1,-1,-1,
Check,5,1,270,Pass,-1,-1,-1,
Check,5,1,292,Pass,-1,-1,-1,
Check,5,1,301,Pass,-1,-1,-1,
Check,5,1,304,Pass,-1,-1,-1,
Check,5,1,315,Pass,-1,-1,-1,
Check,5,1,8,Pass,-1,-1,-1,
Check,5,1,11,Pass,-1,-1,-1,
Check,5,1,12,Pass,-1,-1,-1,
Check,5,1,13,Pass,-1,-1,-1,
Check,5,1,14,Pass,-1,-1,-1,
Check,5,1,15,Pass,-1,-1,-1,
Check,5,1,16,Pass,-1,-1,-1,
Check,5,1,17,Pass,-1,-1,-1,
Check,5,1,18,Pass,-1,-1,-1,
Check,5,1,19,Pass,-1,-1,-1,
Check,5,1,20,Pass,-1,-1,-1,
Check,5,1,21,Pass,-1,-1,-1,
Check,5,1,25,Pass,-1,-1,-1,
Check,5,1,28,Pass,-1,-1,-1,
Check,5,1,6,Pass,-1,-1,-1,
Check,5,1,7,Pass,-1,-1,-1,
Check,5,1,9,Pass,-1,-1,-1,
Check,5,1,10,Pass,-1,-1,-1,
Check,5,1,22,Pass,-1,-1,-1,
Check,5,1,23,Pass,-1,-1,-1,
Check,5,1,24,Pass,-1,-1,-1,
Check,5,1,26,Pass,-1,-1,-1,
Check,5,1,27,Pass,-1,-1,-1,
Check,5,1,29,Pass,-1,-1,-1,
Check,5,1,30,Pass,-1,-1,-1,
Check,5,1,235,Pass,-1,-1,-1,
Check,5,1,239,Pass,-1,-1,-1,
Check,5,1,231,Pass,-1,-1,-1,
Check,5,1,236,Pass,-1,-1,-1,
Check,5,1,232,Pass,-1,-1,-1,
Check,5,1,233,Pass,-1,-1,-1,
Check,5,1,234,Pass,-1,-1,-1,
Check,5,1,237,Pass,-1,-1,-1,
Check,5,1,238,Pass,-1,-1,-1,
Check,5,1,241,Pass,-1,-1,-1,
Check,5,1,242,Pass,-1,-1,-1,
Check,5,1,244,Pass,-1,-1,-1,
Check,5,1,245,Pass,-1,-1,-1,
Check,5,1,4,Pass,-1,-1,-1,
Check,5,1,5,Pass,-1,-1,-1,
Check,5,1,3,Pass,-1,-1,-1,
Check,5,1,221,Pass,-1,-1,-1,
Check,5,1,222,Pass,-1,-1,-1,
Check,5,1,223,Pass,-1,-1,-1,
Check,5,1,224,Pass,-1,-1,-1,
Check,5,1,226,Pass,-1,-1,-1,
Check,5,1,227,Pass,-1,-1,-1,
Check,5,1,228,Pass,-1,-1,-1,
Check,5,1,229,Pass,-1,-1,-1,
Check,5,1,218,Pass,-1,-1,-1,
Check,5,1,225,Pass,-1,-1,-1,
Check,5,1,230,Pass,-1,-1,-1,
Check,5,1,219,Pass,-1,-1,-1,
Check,5,1,220,Pass,-1,-1,-1,
Check,5,1,2,Pass,-1,-1,-1,
Check,5,1,1,Pass,-1,-1,-1,
Check,5,1,214,Pass,-1,-1,-1,
Check,5,1,215,Pass,-1,-1,-1,
Check,5,1,216,Pass,-1,-1,-1,
Check,5,1,217,Pass,-1,-1,-1,
Check,5,1,213,Pass,-1,-1,-1,
Check,5,1,0,Pass,-1,-1,-1,
Check,6,1,8,Pass,-1,-1,-1,
Check,6,1,5,Pass,-1,-1,-1,
Check,6,1,4,Pass,-1,-1,-1,
Check,6,1,6,Pass,-1,-1,-1,
Check,6,1,7,Pass,-1,-1,-1,
Check,6,1,0,Pass,-1,-1,-1,
Check,6,1,2,Pass,-1,-1,-1,
Check,6,1,3,Pass,-1,-1,-1,
Check,6,1,1,Bad,-1,-1,-1,
Check,6,2,1,Pass,-1,-1,-1,
Check,6,2,2,Pass,-1,-1,-1,
Check,6,2,3,Pass,-1,-1,-1,
Check,6,2,18,Pass,-1,-1,-1,
Check,6,2,19,Pass,-1,-1,-1,
Check,6,2,15,Pass,-1,-1,-1,
Check,6,2,16,Pass,-1,-1,-1,
Check,6,2,17,Pass,-1,-1,-1,
Check,6,2,25,Pass,-1,-1,-1,
Check,6,2,26,Pass,-1,-1,-1,
Check,6,2,27,Pass,-1,-1,-1,
Check,6,2,21,Pass,-1,-1,-1,
Check,6,2,23,Pass,-1,-1,-1,
Check,6,2,13,Pass,-1,-1,-1,
Check,6,2,10,Pass,-1,-1,-1,
Check,6,2,11,Pass,-1,-1,-1,
Check,6,2,12,Pass,-1,-1,-1,
Check,6,2,14,Pass,-1,-1,-1,
Check,6,2,24,Pass,-1,-1,-1,
Check,6,2,22,Pass,-1,-1,-1,
Check,6,2,9,Pass,-1,-1,-1,
Check,6,2,5,Pass,-1,-1,-1,
Check,6,2,6,Pass,-1,-1,-1,
Check,6,2,7,Bad,-1,-1,-1,
Check,6,2,8,Bad,-1,-1,-1,
Check,6,2,4,Pass,-1,-1,-1,
Check,6,2,20,Pass,-1,-1,-1,
Check,6,2,0,Pass,-1,-1,-1,
Check,7,1,16,Pass,-1,-1,-1,
Check,7,1,17,Pass,-1,-1,-1,
Check,7,1,18,Pass,-1,-1,-1,
Check,7,1,19,Pass,-1,-1,-1,
Check,7,1,20,Pass,-1,-1,-1,
Check,7,1,21,Pass,-1,-1,-1,
Check,7,1,22,Pass,-1,-1,-1,
Check,7,1,23,Pass,-1,-1,-1,
Check,7,1,13,Pass,-1,-1,-1,
Check,7,1,14,Pass,-1,-1,-1,
Check,7,1,15,Pass,-1,-1,-1,
Check,7,1,41,Pass,-1,-1,-1,
Check,7,1,31,Pass,-1,-1,-1,
Check,7,1,34,Pass,-1,-1,-1,
Check,7,1,40,Pass,-1,-1,-1,
Check,7,1,42,Pass,-1,-1,-1,
Check,7,1,43,Pass,-1,-1,-1,
Check,7,1,44,Pass,-1,-1,-1,
Check,7,1,45,Pass,-1,-1,-1,
Check,7,1,36,Pass,-1,-1,-1,
Check,7,1,37,Pass,-1,-1,-1,
Check,7,1,38,Pass,-1,-1,-1,
Check,7,1,35,Pass,-1,-1,-1,
Check,7,1,39,Pass,-1,-1,-1,
Check,7,1,46,Pass,-1,-1,-1,
Check,7,1,5,Pass,-1,-1,-1,
Check,7,1,6,Pass,-1,-1,-1,
Check,7,1,7,Pass,-1,-1,-1,
Check,7,1,11,Pass,-1,-1,-1,
Check,7,1,12,Pass,-1,-1,-1,
Check,7,1,8,Pass,-1,-1,-1,
Check,7,1,9,Pass,-1,-1,-1,
Check,7,1,10,Pass,-1,-1,-1,
Check,7,1,32,Pass,-1,-1,-1,
Check,7,1,33,Pass,-1,-1,-1,
Check,7,1,4,Pass,-1,-1,-1,
Check,7,1,29,Pass,-1,-1,-1,
Check,7,1,30,Pass,-1,-1,-1,
Check,7,1,1,Pass,-1,-1,-1,
Check,7,1,2,Pass,-1,-1,-1,
Check,7,1,3,Pass,-1,-1,-1,
Check,7,1,28,Pass,-1,-1,-1,
Check,7,1,27,Pass,-1,-1,-1,
Check,7,1,26,Pass,-1,-1,-1,
Check,7,1,0,Pass,-1,-1,-1,
Check,7,1,24,Pass,-1,-1,-1,
Check,7,1,25,Pass,-1,-1,-1,
Check,7,2,0,Pass,-1,-1,-1,
Check,7,2,6,Pass,-1,-1,-1,
Check,7,2,7,Pass,-1,-1,-1,
Check,7,2,17,Pass,-1,-1,-1,
Check,7,2,18,Pass,-1,-1,-1,
Check,7,2,19,Pass,-1,-1,-1,
Check,7,2,20,Pass,-1,-1,-1,
Check,7,2,21,Pass,-1,-1,-1,
Check,7,2,22,Pass,-1,-1,-1,
Check,7,2,23,Pass,-1,-1,-1,
Check,7,2,24,Pass,-1,-1,-1,
Check,7,2,25,Pass,-1,-1,-1,
Check,7,2,26,Pass,-1,-1,-1,
Check,7,2,27,Pass,-1,-1,-1,
Check,7,2,28,Pass,-1,-1,-1,
Check,7,2,29,Pass,-1,-1,-1,
Check,7,2,36,Pass,-1,-1,-1,
Check,7,2,37,Pass,-1,-1,-1,
Check,7,2,38,Pass,-1,-1,-1,
Check,7,2,39,Pass,-1,-1,-1,
Check,7,2,40,Pass,-1,-1,-1,
Check,7,2,41,Pass,-1,-1,-1,
Check,7,2,31,Pass,-1,-1,-1,
Check,7,2,32,Pass,-1,-1,-1,
Check,7,2,33,Pass,-1,-1,-1,
Check,7,2,8,Pass,-1,-1,-1,
Check,7,2,9,Pass,-1,-1,-1,
Check,7,2,34,Pass,-1,-1,-1,
Check,7,2,35,Pass,-1,-1,-1,
Check,7,2,13,Pass,-1,-1,-1,
Check,7,2,15,Pass,-1,-1,-1,
Check,7,2,16,Pass,-1,-1,-1,
Check,7,2,2,Pass,-1,-1,-1,
Check,7,2,10,Pass,-1,-1,-1,
Check,7,2,11,Pass,-1,-1,-1,
Check,7,2,12,Pass,-1,-1,-1,
Check,7,2,14,Pass,-1,-1,-1,
Check,7,2,3,Pass,-1,-1,-1,
Check,7,2,4,Pass,-1,-1,-1,
Check,7,2,5,Pass,-1,-1,-1,
Check,7,2,30,Pass,-1,-1,-1,
Check,7,2,1,Pass,-1,-1,-1,
Check,8,1,20,Pass,-1,-1,-1,
Check,8,1,40,Pass,-1,-1,-1,
Check,8,1,41,Pass,-1,-1,-1,
Check,8,1,42,Pass,-1,-1,-1,
Check,8,1,15,Pass,-1,-1,-1,
Check,8,1,16,Pass,-1,-1,-1,
Check,8,1,17,Pass,-1,-1,-1,
Check,8,1,18,Pass,-1,-1,-1,
Check,8,1,19,Pass,-1,-1,-1,
Check,8,1,39,Pass,-1,-1,-1,
Check,8,1,13,Pass,-1,-1,-1,
Check,8,1,14,Pass,-1,-1,-1,
Check,8,1,8,Pass,-1,-1,-1,
Check,8,1,9,Pass,-1,-1,-1,
Check,8,1,10,Pass,-1,-1,-1,
Check,8,1,11,Pass,-1,-1,-1,
Check,8,1,12,Pass,-1,-1,-1,
Check,8,1,1,Pass,-1,-1,-1,
Check,8,1,2,Pass,-1,-1,-1,
Check,8,1,3,Pass,-1,-1,-1,
Check,8,1,4,Pass,-1,-1,-1,
Check,8,1,5,Pass,-1,-1,-1,
Check,8,1,6,Pass,-1,-1,-1,
Check,8,1,7,Pass,-1,-1,-1,
Check,8,1,38,Pass,-1,-1,-1,
Check,8,1,37,Pass,-1,-1,-1,
Check,8,1,0,Pass,-1,-1,-1,
Check,8,1,25,Pass,-1,-1,-1,
Check,8,1,35,Pass,-1,-1,-1,
Check,8,1,36,Pass,-1,-1,-1,
Check,8,1,26,Pass,-1,-1,-1,
Check,8,1,27,Pass,-1,-1,-1,
Check,8,1,28,Pass,-1,-1,-1,
Check,8,1,29,Pass,-1,-1,-1,
Check,8,1,30,Pass,-1,-1,-1,
Check,8,1,31,Pass,-1,-1,-1,
Check,8,1,32,Pass,-1,-1,-1,
Check,8,1,33,Pass,-1,-1,-1,
Check,8,1,34,Pass,-1,-1,-1,
Check,8,1,21,Pass,-1,-1,-1,
Check,8,1,22,Pass,-1,-1,-1,
Check,8,1,23,Pass,-1,-1,-1,
Check,8,1,24,Pass,-1,-1,-1,
Check,8,2,1,Pass,-1,-1,-1,
Check,8,2,7,Pass,-1,-1,-1,
Check,8,2,8,Pass,-1,-1,-1,
Check,8,2,19,Pass,-1,-1,-1,
Check,8,2,37,Pass,-1,-1,-1,
Check,8,2,23,Pass,-1,-1,-1,
Check,8,2,24,Pass,-1,-1,-1,
Check,8,2,25,Pass,-1,-1,-1,
Check,8,2,26,Pass,-1,-1,-1,
Check,8,2,27,Pass,-1,-1,-1,
Check,8,2,28,Pass,-1,-1,-1,
Check,8,2,29,Pass,-1,-1,-1,
Check,8,2,30,Pass,-1,-1,-1,
Check,8,2,31,Pass,-1,-1,-1,
Check,8,2,32,Pass,-1,-1,-1,
Check,8,2,33,Pass,-1,-1,-1,
Check,8,2,34,Pass,-1,-1,-1,
Check,8,2,35,Pass,-1,-1,-1,
Check,8,2,36,Pass,-1,-1,-1,
Check,8,2,44,Pass,-1,-1,-1,
Check,8,2,45,Pass,-1,-1,-1,
Check,8,2,46,Pass,-1,-1,-1,
Check,8,2,47,Pass,-1,-1,-1,
Check,8,2,48,Pass,-1,-1,-1,
Check,8,2,49,Pass,-1,-1,-1,
Check,8,2,50,Pass,-1,-1,-1,
Check,8,2,51,Pass,-1,-1,-1,
Check,8,2,52,Pass,-1,-1,-1,
Check,8,2,53,Pass,-1,-1,-1,
Check,8,2,54,Pass,-1,-1,-1,
Check,8,2,55,Pass,-1,-1,-1,
Check,8,2,56,Pass,-1,-1,-1,
Check,8,2,57,Pass,-1,-1,-1,
Check,8,2,58,Pass,-1,-1,-1,
Check,8,2,59,Pass,-1,-1,-1,
Check,8,2,60,Pass,-1,-1,-1,
Check,8,2,61,Pass,-1,-1,-1,
Check,8,2,62,Pass,-1,-1,-1,
Check,8,2,39,Pass,-1,-1,-1,
Check,8,2,41,Pass,-1,-1,-1,
Check,8,2,9,Pass,-1,-1,-1,
Check,8,2,10,Pass,-1,-1,-1,
Check,8,2,14,Pass,-1,-1,-1,
Check,8,2,15,Pass,-1,-1,-1,
Check,8,2,22,Pass,-1,-1,-1,
Check,8,2,42,Pass,-1,-1,-1,
Check,8,2,43,Pass,-1,-1,-1,
Check,8,2,16,Pass,-1,-1,-1,
Check,8,2,17,Pass,-1,-1,-1,
Check,8,2,11,Pass,-1,-1,-1,
Check,8,2,12,Pass,-1,-1,-1,
Check,8,2,20,Pass,-1,-1,-1,
Check,8,2,21,Pass,-1,-1,-1,
Check,8,2,13,Pass,-1,-1,-1,
Check,8,2,18,Pass,-1,-1,-1,
Check,8,2,40,Pass,-1,-1,-1,
Check,8,2,5,Pass,-1,-1,-1,
Check,8,2,6,Pass,-1,-1,-1,
Check,8,2,38,Pass,-1,-1,-1,
Check,8,2,4,Pass,-1,-1,-1,
Check,8,2,2,Pass,-1,-1,-1,
Check,8,2,3,Pass,-1,-1,-1,
Check,8,2,0,Pass,-1,-1,-1,
Check,9,1,155,Pass,-1,-1,-1,
Check,9,1,156,Pass,-1,-1,-1,
Check,9,1,157,Pass,-1,-1,-1,
Check,9,1,77,Pass,-1,-1,-1,
Check,9,1,78,Pass,-1,-1,-1,
Check,9,1,79,Pass,-1,-1,-1,
Check,9,1,80,Pass,-1,-1,-1,
Check,9,1,81,Pass,-1,-1,-1,
Check,9,1,82,Pass,-1,-1,-1,
Check,9,1,70,Pass,-1,-1,-1,
Check,9,1,71,Pass,-1,-1,-1,
Check,9,1,72,Pass,-1,-1,-1,
Check,9,1,73,Pass,-1,-1,-1,
Check,9,1,74,Pass,-1,-1,-1,
Check,9,1,75,Pass,-1,-1,-1,
Check,9,1,76,Pass,-1,-1,-1,
Check,9,1,147,Pass,-1,-1,-1,
Check,9,1,148,Pass,-1,-1,-1,
Check,9,1,120,Pass,-1,-1,-1,
Check,9,1,150,Pass,-1,-1,-1,
Check,9,1,151,Pass,-1,-1,-1,
Check,9,1,152,Pass,-1,-1,-1,
Check,9,1,153,Pass,-1,-1,-1,
Check,9,1,149,Pass,-1,-1,-1,
Check,9,1,154,Pass,-1,-1,-1,
Check,9,1,60,Pass,-1,-1,-1,
Check,9,1,61,Pass,-1,-1,-1,
Check,9,1,62,Pass,-1,-1,-1,
Check,9,1,63,Pass,-1,-1,-1,
Check,9,1,64,Pass,-1,-1,-1,
Check,9,1,65,Pass,-1,-1,-1,
Check,9,1,66,Pass,-1,-1,-1,
Check,9,1,67,Pass,-1,-1,-1,
Check,9,1,68,Pass,-1,-1,-1,
Check,9,1,69,Pass,-1,-1,-1,
Check,9,1,122,Pass,-1,-1,-1,
Check,9,1,123,Pass,-1,-1,-1,
Check,9,1,130,Pass,-1,-1,-1,
Check,9,1,139,Pass,-1,-1,-1,
Check,9,1,144,Pass,-1,-1,-1,
Check,9,1,145,Pass,-1,-1,-1,
Check,9,1,124,Bad,-1,-1,-1,
Check,9,1,125,Bad,-1,-1,-1,
Check,9,1,128,Bad,-1,-1,-1,
Check,9,1,133,Bad,-1,-1,-1,
Check,9,1,134,Bad,-1,-1,-1,
Check,9,1,135,Bad,-1,-1,-1,
Check,9,1,136,Bad,-1,-1,-1,
Check,9,1,137,Bad,-1,-1,-1,
Check,9,1,138,Bad,-1,-1,-1,
Check,9,1,140,Bad,-1,-1,-1,
Check,9,1,142,Bad,-1,-1,-1,
Check,9,1,143,Bad,-1,-1,-1,
Check,9,2,14,Bad,-1,-1,-1,
Check,9,1,121,Pass,-1,-1,-1,
Check,9,1,126,Pass,-1,-1,-1,
Check,9,1,127,Pass,-1,-1,-1,
Check,9,1,129,Pass,-1,-1,-1,
Check,9,1,131,Pass,-1,-1,-1,
Check,9,1,132,Pass,-1,-1,-1,
Check,9,1,141,Pass,-1,-1,-1,
Check,9,1,146,Pass,-1,-1,-1,
Check,9,1,53,Pass,-1,-1,-1,
Check,9,1,54,Pass,-1,-1,-1,
Check,9,1,55,Pass,-1,-1,-1,
Check,9,1,56,Pass,-1,-1,-1,
Check,9,1,57,Pass,-1,-1,-1,
Check,9,1,58,Pass,-1,-1,-1,
Check,9,1,59,Pass,-1,-1,-1,
Check,9,1,52,Pass,-1,-1,-1,
Check,9,1,107,Pass,-1,-1,-1,
Check,9,1,108,Pass,-1,-1,-1,
Check,9,1,109,Pass,-1,-1,-1,
Check,9,1,110,Pass,-1,-1,-1,
Check,9,1,111,Pass,-1,-1,-1,
Check,9,1,113,Pass,-1,-1,-1,
Check,9,1,114,Pass,-1,-1,-1,
Check,9,1,115,Pass,-1,-1,-1,
Check,9,1,117,Pass,-1,-1,-1,
Check,9,1,118,Pass,-1,-1,-1,
Check,9,1,119,Pass,-1,-1,-1,
Check,9,1,112,Pass,-1,-1,-1,
Check,9,1,116,Pass,-1,-1,-1,
Check,9,1,50,Pass,-1,-1,-1,
Check,9,1,51,Pass,-1,-1,-1,
Check,9,1,103,Pass,-1,-1,-1,
Check,9,1,104,Pass,-1,-1,-1,
Check,9,1,105,Pass,-1,-1,-1,
Check,9,1,106,Pass,-1,-1,-1,
Check,9,1,26,Bad,-1,-1,-1,
Check,9,1,27,Bad,-1,-1,-1,
Check,9,1,28,Bad,-1,-1,-1,
Check,9,1,29,Bad,-1,-1,-1,
Check,9,1,30,Bad,-1,-1,-1,
Check,9,1,31,Bad,-1,-1,-1,
Check,9,1,32,Bad,-1,-1,-1,
Check,9,1,33,Bad,-1,-1,-1,
Check,9,1,34,Bad,-1,-1,-1,
Check,9,1,35,Bad,-1,-1,-1,
Check,9,1,36,Bad,-1,-1,-1,
Check,9,1,37,Bad,-1,-1,-1,
Check,9,1,38,Bad,-1,-1,-1,
Check,9,1,39,Bad,-1,-1,-1,
Check,9,1,40,Bad,-1,-1,-1,
Check,9,1,41,Bad,-1,-1,-1,
Check,9,1,42,Bad,-1,-1,-1,
Check,9,1,43,Bad,-1,-1,-1,
Check,9,1,44,Bad,-1,-1,-1,
Check,9,1,45,Bad,-1,-1,-1,
Check,9,1,46,Bad,-1,-1,-1,
Check,9,1,47,Bad,-1,-1,-1,
Check,9,1,48,Bad,-1,-1,-1,
Check,9,1,49,Bad,-1,-1,-1,
Check,9,1,99,Pass,-1,-1,-1,
Check,9,1,100,Pass,-1,-1,-1,
Check,9,1,101,Pass,-1,-1,-1,
Check,9,1,102,Pass,-1,-1,-1,
Check,9,1,0,Pass,-1,-1,-1,
Check,9,1,1,Pass,-1,-1,-1,
Check,9,1,2,Pass,-1,-1,-1,
Check,9,1,3,Pass,-1,-1,-1,
Check,9,1,4,Pass,-1,-1,-1,
Check,9,1,5,Pass,-1,-1,-1,
Check,9,1,6,Pass,-1,-1,-1,
Check,9,1,7,Pass,-1,-1,-1,
Check,9,1,8,Pass,-1,-1,-1,
Check,9,1,9,Pass,-1,-1,-1,
Check,9,1,10,Pass,-1,-1,-1,
Check,9,1,11,Pass,-1,-1,-1,
Check,9,1,12,Pass,-1,-1,-1,
Check,9,1,13,Pass,-1,-1,-1,
Check,9,1,14,Pass,-1,-1,-1,
Check,9,1,15,Pass,-1,-1,-1,
Check,9,1,16,Pass,-1,-1,-1,
Check,9,1,17,Pass,-1,-1,-1,
Check,9,1,18,Pass,-1,-1,-1,
Check,9,1,19,Pass,-1,-1,-1,
Check,9,1,20,Pass,-1,-1,-1,
Check,9,1,21,Pass,-1,-1,-1,
Check,9,1,22,Pass,-1,-1,-1,
Check,9,1,23,Pass,-1,-1,-1,
Check,9,1,24,Pass,-1,-1,-1,
Check,9,1,25,Pass,-1,-1,-1,
Check,9,1,86,Pass,-1,-1,-1,
Check,9,1,87,Pass,-1,-1,-1,
Check,9,1,88,Pass,-1,-1,-1,
Check,9,1,90,Pass,-1,-1,-1,
Check,9,1,92,Pass,-1,-1,-1,
Check,9,1,93,Pass,-1,-1,-1,
Check,9,1,96,Pass,-1,-1,-1,
Check,9,1,83,Bad,-1,-1,-1,
Check,9,1,84,Bad,-1,-1,-1,
Check,9,1,85,Bad,-1,-1,-1,
Check,9,1,89,Bad,-1,-1,-1,
Check,9,1,91,Bad,-1,-1,-1,
Check,9,1,94,Bad,-1,-1,-1,
Check,9,1,95,Bad,-1,-1,-1,
Check,9,1,97,Bad,-1,-1,-1,
Check,9,1,98,Bad,-1,-1,-1,
Check,9,2,0,Pass,-1,-1,-1,
Check,9,2,1,Pass,-1,-1,-1,
Check,9,2,25,Pass,-1,-1,-1,
Check,9,2,26,Pass,-1,-1,-1,
Check,9,2,21,Pass,-1,-1,-1,
Check,9,2,22,Pass,-1,-1,-1,
Check,9,2,23,Pass,-1,-1,-1,
Check,9,2,24,Pass,-1,-1,-1,
Check,9,2,30,Pass,-1,-1,-1,
Check,9,2,31,Pass,-1,-1,-1,
Check,9,2,28,Pass,-1,-1,-1,
Check,9,2,29,Pass,-1,-1,-1,
Check,9,2,15,Pass,-1,-1,-1,
Check,9,2,16,Pass,-1,-1,-1,
Check,9,2,3,Pass,-1,-1,-1,
Check,9,2,4,Pass,-1,-1,-1,
Check,9,2,5,Pass,-1,-1,-1,
Check,9,2,17,Pass,-1,-1,-1,
Check,9,2,18,Pass,-1,-1,-1,
Check,9,2,19,Pass,-1,-1,-1,
Check,9,2,20,Pass,-1,-1,-1,
Check,9,2,12,Pass,-1,-1,-1,
Check,9,2,13,Pass,-1,-1,-1,
Check,9,2,27,Pass,-1,-1,-1,
Check,9,2,8,Bad,-1,-1,-1,
Check,9,2,9,Bad,-1,-1,-1,
Check,9,2,10,Bad,-1,-1,-1,
Check,9,2,11,Pass,-1,-1,-1,
Check,9,2,6,Pass,-1,-1,-1,
Check,9,2,7,Pass,-1,-1,-1,
Check,9,2,2,Pass,-1,-1,-1,
Check,10,1,25,Pass,-1,-1,-1,
Check,10,1,26,Pass,-1,-1,-1,
Check,10,1,19,Pass,-1,-1,-1,
Check,10,1,21,Pass,-1,-1,-1,
Check,10,1,22,Pass,-1,-1,-1,
Check,10,1,23,Pass,-1,-1,-1,
Check,10,1,24,Pass,-1,-1,-1,
Check,10,1,8,Pass,-1,-1,-1,
Check,10,1,9,Pass,-1,-1,-1,
Check,10,1,20,Pass,-1,-1,-1,
Check,10,1,6,Pass,-1,-1,-1,
Check,10,1,7,Pass,-1,-1,-1,
Check,10,1,3,Pass,-1,-1,-1,
Check,10,1,4,Pass,-1,-1,-1,
Check,10,1,5,Pass,-1,-1,-1,
Check,10,1,1,Pass,-1,-1,-1,
Check,10,1,2,Pass,-1,-1,-1,
Check,10,1,14,Pass,-1,-1,-1,
Check,10,1,16,Pass,-1,-1,-1,
Check,10,1,17,Pass,-1,-1,-1,
Check,10,1,15,Pass,-1,-1,-1,
Check,10,1,18,Pass,-1,-1,-1,
Check,10,1,0,Pass,-1,-1,-1,
Check,10,1,11,Pass,-1,-1,-1,
Check,10,1,13,Pass,-1,-1,-1,
Check,10,1,12,Pass,-1,-1,-1,
Check,10,1,10,Pass,-1,-1,-1,
Check,10,2,2,Pass,-1,-1,-1,
Check,10,2,3,Pass,-1,-1,-1,
Check,10,2,4,Pass,-1,-1,-1,
Check,10,2,5,Pass,-1,-1,-1,
Check,10,2,28,Pass,-1,-1,-1,
Check,10,2,31,Pass,-1,-1,-1,
Check,10,2,35,Pass,-1,-1,-1,
Check,10,2,37,Pass,-1,-1,-1,
Check,10,2,48,Pass,-1,-1,-1,
Check,10,2,32,Pass,-1,-1,-1,
Check,10,2,33,Pass,-1,-1,-1,
Check,10,2,34,Pass,-1,-1,-1,
Check,10,2,36,Pass,-1,-1,-1,
Check,10,2,49,Pass,-1,-1,-1,
Check,10,2,50,Pass,-1,-1,-1,
Check,10,2,40,Pass,-1,-1,-1,
Check,10,2,41,Pass,-1,-1,-1,
Check,10,2,44,Pass,-1,-1,-1,
Check,10,2,45,Pass,-1,-1,-1,
Check,10,2,46,Pass,-1,-1,-1,
Check,10,2,25,Bad,-1,-1,-1,
Check,10,2,26,Bad,-1,-1,-1,
Check,10,2,47,Bad,-1,-1,-1,
Check,10,2,23,Pass,-1,-1,-1,
Check,10,2,24,Pass,-1,-1,-1,
Check,10,2,27,Pass,-1,-1,-1,
Check,10,2,29,Pass,-1,-1,-1,
Check,10,2,30,Pass,-1,-1,-1,
Check,10,2,17,Pass,-1,-1,-1,
Check,10,2,21,Pass,-1,-1,-1,
Check,10,2,22,Pass,-1,-1,-1,
Check,10,2,18,Pass,-1,-1,-1,
Check,10,2,19,Pass,-1,-1,-1,
Check,10,2,20,Pass,-1,-1,-1,
Check,10,2,42,Pass,-1,-1,-1,
Check,10,2,43,Pass,-1,-1,-1,
Check,10,2,13,Pass,-1,-1,-1,
Check,10,2,15,Pass,-1,-1,-1,
Check,10,2,16,Pass,-1,-1,-1,
Check,10,2,14,Pass,-1,-1,-1,
Check,10,2,11,Pass,-1,-1,-1,
Check,10,2,12,Pass,-1,-1,-1,
Check,10,2,39,Pass,-1,-1,-1,
Check,10,2,10,Pass,-1,-1,-1,
Check,10,2,8,Pass,-1,-1,-1,
Check,10,2,9,Pass,-1,-1,-1,
Check,10,2,38,Pass,-1,-1,-1,
Check,10,2,6,Pass,-1,-1,-1,
Check,10,2,7,Pass,-1,-1,-1,
Check,10,2,0,Pass,-1,-1,-1,
Check,10,2,1,Pass,-1,-1,-1,
Check,11,1,12,Pass,-1,-1,-1,
Check,11,1,13,Pass,-1,-1,-1,
Check,11,1,14,Pass,-1,-1,-1,
Check,11,1,15,Pass,-1,-1,-1,
Check,11,1,16,Pass,-1,-1,-1,
Check,11,1,37,Pass,-1,-1,-1,
Check,11,1,40,Pass,-1,-1,-1,
Check,11,1,41,Pass,-1,-1,-1,
Check,11,1,42,Pass,-1,-1,-1,
Check,11,1,43,Pass,-1,-1,-1,
Check,11,1,38,Pass,-1,-1,-1,
Check,11,1,39,Pass,-1,-1,-1,
Check,11,1,36,Pass,-1,-1,-1,
Check,11,1,44,Pass,-1,-1,-1,
Check,11,1,10,Pass,-1,-1,-1,
Check,11,1,11,Pass,-1,-1,-1,
Check,11,1,31,Pass,-1,-1,-1,
Check,11,1,32,Pass,-1,-1,-1,
Check,11,1,34,Pass,-1,-1,-1,
Check,11,1,33,Pass,-1,-1,-1,
Check,11,1,35,Bad,-1,-1,-1,
Check,11,1,3,Pass,-1,-1,-1,
Check,11,1,4,Pass,-1,-1,-1,
Check,11,1,5,Pass,-1,-1,-1,
Check,11,2,168,Bad,-1,-1,-1,
Check,11,2,169,Bad,-1,-1,-1,
Check,11,2,170,Bad,-1,-1,-1,
Check,11,2,176,Bad,-1,-1,-1,
Check,11,2,179,Bad,-1,-1,-1,
Check,11,2,180,Bad,-1,-1,-1,
Check,11,2,181,Bad,-1,-1,-1,
Check,11,1,6,Pass,-1,-1,-1,
Check,11,1,7,Pass,-1,-1,-1,
Check,11,1,8,Pass,-1,-1,-1,
Check,11,1,9,Pass,-1,-1,-1,
Check,11,1,28,Pass,-1,-1,-1,
Check,11,1,29,Pass,-1,-1,-1,
Check,11,1,30,Pass,-1,-1,-1,
Check,11,1,27,Pass,-1,-1,-1,
Check,11,1,1,Pass,-1,-1,-1,
Check,11,1,2,Pass,-1,-1,-1,
Check,11,1,21,Pass,-1,-1,-1,
Check,11,1,22,Pass,-1,-1,-1,
Check,11,1,25,Pass,-1,-1,-1,
Check,11,1,23,Bad,-1,-1,-1,
Check,11,1,24,Bad,-1,-1,-1,
Check,11,1,26,Bad,-1,-1,-1,
Check,11,2,99,Bad,-1,-1,-1,
Check,11,2,101,Bad,-1,-1,-1,
Check,11,2,102,Bad,-1,-1,-1,
Check,11,2,106,Bad,-1,-1,-1,
Check,11,2,107,Bad,-1,-1,-1,
Check,11,2,111,Bad,-1,-1,-1,
Check,11,2,114,Bad,-1,-1,-1,
Check,11,2,120,Bad,-1,-1,-1,
Check,11,1,0,Bad,-1,-1,-1,
Check,11,1,19,Pass,-1,-1,-1,
Check,11,1,20,Pass,-1,-1,-1,
Check,11,1,18,Pass,-1,-1,-1,
Check,11,1,17,Pass,-1,-1,-1,
Check,11,2,0,Pass,-1,-1,-1,
Check,11,2,220,Pass,-1,-1,-1,
Check,11,2,210,Pass,-1,-1,-1,
Check,11,2,211,Pass,-1,-1,-1,
Check,11,2,212,Pass,-1,-1,-1,
Check,11,2,213,Pass,-1,-1,-1,
Check,11,2,214,Pass,-1,-1,-1,
Check,11,2,215,Pass,-1,-1,-1,
Check,11,2,216,Pass,-1,-1,-1,
Check,11,2,217,Pass,-1,-1,-1,
Check,11,2,218,Pass,-1,-1,-1,
Check,11,2,219,Pass,-1,-1,-1,
Check,11,2,251,Pass,-1,-1,-1,
Check,11,2,252,Pass,-1,-1,-1,
Check,11,2,253,Pass,-1,-1,-1,
Check,11,2,254,Pass,-1,-1,-1,
Check,11,2,255,Pass,-1,-1,-1,
Check,11,2,256,Pass,-1,-1,-1,
Check,11,2,257,Pass,-1,-1,-1,
Check,11,2,258,Pass,-1,-1,-1,
Check,11,2,259,Pass,-1,-1,-1,
Check,11,2,247,Pass,-1,-1,-1,
Check,11,2,249,Pass,-1,-1,-1,
Check,11,2,250,Pass,-1,-1,-1,
Check,11,2,186,Pass,-1,-1,-1,
Check,11,2,189,Pass,-1,-1,-1,
Check,11,2,190,Pass,-1,-1,-1,
Check,11,2,191,Pass,-1,-1,-1,
Check,11,2,192,Pass,-1,-1,-1,
Check,11,2,194,Pass,-1,-1,-1,
Check,11,2,205,Pass,-1,-1,-1,
Check,11,2,206,Pass,-1,-1,-1,
Check,11,2,248,Pass,-1,-1,-1,
Check,11,2,185,Pass,-1,-1,-1,
Check,11,2,193,Pass,-1,-1,-1,
Check,11,2,198,Pass,-1,-1,-1,
Check,11,2,199,Pass,-1,-1,-1,
Check,11,2,200,Pass,-1,-1,-1,
Check,11,2,207,Pass,-1,-1,-1,
Check,11,2,208,Pass,-1,-1,-1,
Check,11,2,187,Pass,-1,-1,-1,
Check,11,2,209,Pass,-1,-1,-1,
Check,11,2,19,Pass,-1,-1,-1,
Check,11,2,20,Pass,-1,-1,-1,
Check,11,2,121,Pass,-1,-1,-1,
Check,11,2,188,Pass,-1,-1,-1,
Check,11,2,195,Pass,-1,-1,-1,
Check,11,2,196,Pass,-1,-1,-1,
Check,11,2,197,Pass,-1,-1,-1,
Check,11,2,201,Pass,-1,-1,-1,
Check,11,2,202,Pass,-1,-1,-1,
Check,11,2,203,Pass,-1,-1,-1,
Check,11,2,204,Pass,-1,-1,-1,
Check,11,2,171,Pass,-1,-1,-1,
Check,11,2,173,Pass,-1,-1,-1,
Check,11,2,177,Pass,-1,-1,-1,
Check,11,2,178,Pass,-1,-1,-1,
Check,11,2,167,Pass,-1,-1,-1,
Check,11,2,172,Pass,-1,-1,-1,
Check,11,2,174,Pass,-1,-1,-1,
Check,11,2,175,Pass,-1,-1,-1,
Check,11,2,182,Pass,-1,-1,-1,
Check,11,2,183,Pass,-1,-1,-1,
Check,11,2,184,Pass,-1,-1,-1,
Check,11,2,245,Pass,-1,-1,-1,
Check,11,2,246,Pass,-1,-1,-1,
Check,11,2,122,Pass,-1,-1,-1,
Check,11,2,123,Pass,-1,-1,-1,
Check,11,2,124,Pass,-1,-1,-1,
Check,11,2,125,Pass,-1,-1,-1,
Check,11,2,129,Pass,-1,-1,-1,
Check,11,2,131,Pass,-1,-1,-1,
Check,11,2,133,Pass,-1,-1,-1,
Check,11,2,134,Pass,-1,-1,-1,
Check,11,2,135,Pass,-1,-1,-1,
Check,11,2,136,Pass,-1,-1,-1,
Check,11,2,139,Pass,-1,-1,-1,
Check,11,2,140,Pass,-1,-1,-1,
Check,11,2,141,Pass,-1,-1,-1,
Check,11,2,142,Pass,-1,-1,-1,
Check,11,2,143,Pass,-1,-1,-1,
Check,11,2,145,Pass,-1,-1,-1,
Check,11,2,146,Pass,-1,-1,-1,
Check,11,2,148,Pass,-1,-1,-1,
Check,11,2,149,Pass,-1,-1,-1,
Check,11,2,150,Pass,-1,-1,-1,
Check,11,2,151,Pass,-1,-1,-1,
Check,11,2,153,Pass,-1,-1,-1,
Check,11,2,154,Pass,-1,-1,-1,
Check,11,2,155,Pass,-1,-1,-1,
Check,11,2,157,Pass,-1,-1,-1,
Check,11,2,158,Pass,-1,-1,-1,
Check,11,2,161,Pass,-1,-1,-1,
Check,11,2,162,Pass,-1,-1,-1,
Check,11,2,164,Pass,-1,-1,-1,
Check,11,2,165,Pass,-1,-1,-1,
Check,11,2,166,Pass,-1,-1,-1,
Check,11,2,244,Pass,-1,-1,-1,
Check,11,2,127,Pass,-1,-1,-1,
Check,11,2,130,Pass,-1,-1,-1,
Check,11,2,132,Pass,-1,-1,-1,
Check,11,2,137,Pass,-1,-1,-1,
Check,11,2,138,Pass,-1,-1,-1,
Check,11,2,144,Pass,-1,-1,-1,
Check,11,2,147,Pass,-1,-1,-1,
Check,11,2,152,Pass,-1,-1,-1,
Check,11,2,159,Pass,-1,-1,-1,
Check,11,2,160,Pass,-1,-1,-1,
Check,11,2,163,Pass,-1,-1,-1,
Check,11,2,126,Pass,-1,-1,-1,
Check,11,2,128,Pass,-1,-1,-1,
Check,11,2,156,Pass,-1,-1,-1,
Check,11,2,232,Pass,-1,-1,-1,
Check,11,2,233,Pass,-1,-1,-1,
Check,11,2,234,Pass,-1,-1,-1,
Check,11,2,236,Pass,-1,-1,-1,
Check,11,2,237,Pass,-1,-1,-1,
Check,11,2,238,Pass,-1,-1,-1,
Check,11,2,239,Pass,-1,-1,-1,
Check,11,2,240,Pass,-1,-1,-1,
Check,11,2,241,Pass,-1,-1,-1,
Check,11,2,242,Pass,-1,-1,-1,
Check,11,2,243,Pass,-1,-1,-1,
Check,11,2,79,Pass,-1,-1,-1,
Check,11,2,80,Pass,-1,-1,-1,
Check,11,2,81,Pass,-1,-1,-1,
Check,11,2,82,Pass,-1,-1,-1,
Check,11,2,83,Pass,-1,-1,-1,
Check,11,2,84,Pass,-1,-1,-1,
Check,11,2,85,Pass,-1,-1,-1,
Check,11,2,88,Pass,-1,-1,-1,
Check,11,2,89,Pass,-1,-1,-1,
Check,11,2,90,Pass,-1,-1,-1,
Check,11,2,92,Pass,-1,-1,-1,
Check,11,2,93,Pass,-1,-1,-1,
Check,11,2,94,Pass,-1,-1,-1,
Check,11,2,95,Pass,-1,-1,-1,
Check,11,2,96,Pass,-1,-1,-1,
Check,11,2,97,Pass,-1,-1,-1,
Check,11,2,103,Pass,-1,-1,-1,
Check,11,2,104,Pass,-1,-1,-1,
Check,11,2,105,Pass,-1,-1,-1,
Check,11,2,108,Pass,-1,-1,-1,
Check,11,2,109,Pass,-1,-1,-1,
Check,11,2,112,Pass,-1,-1,-1,
Check,11,2,116,Pass,-1,-1,-1,
Check,11,2,117,Pass,-1,-1,-1,
Check,11,2,118,Pass,-1,-1,-1,
Check,11,2,119,Pass,-1,-1,-1,
Check,11,2,235,Pass,-1,-1,-1,
Check,11,2,86,Pass,-1,-1,-1,
Check,11,2,87,Pass,-1,-1,-1,
Check,11,2,91,Pass,-1,-1,-1,
Check,11,2,98,Pass,-1,-1,-1,
Check,11,2,100,Pass,-1,-1,-1,
Check,11,2,110,Pass,-1,-1,-1,
Check,11,2,113,Pass,-1,-1,-1,
Check,11,2,115,Pass,-1,-1,-1,
Check,11,2,44,Pass,-1,-1,-1,
Check,11,2,45,Pass,-1,-1,-1,
Check,11,2,49,Pass,-1,-1,-1,
Check,11,2,50,Pass,-1,-1,-1,
Check,11,2,56,Pass,-1,-1,-1,
Check,11,2,57,Pass,-1,-1,-1,
Check,11,2,60,Pass,-1,-1,-1,
Check,11,2,62,Pass,-1,-1,-1,
Check,11,2,66,Pass,-1,-1,-1,
Check,11,2,67,Pass,-1,-1,-1,
Check,11,2,68,Pass,-1,-1,-1,
Check,11,2,69,Pass,-1,-1,-1,
Check,11,2,70,Pass,-1,-1,-1,
Check,11,2,71,Pass,-1,-1,-1,
Check,11,2,72,Pass,-1,-1,-1,
Check,11,2,74,Pass,-1,-1,-1,
Check,11,2,75,Pass,-1,-1,-1,
Check,11,2,76,Pass,-1,-1,-1,
Check,11,2,77,Pass,-1,-1,-1,
Check,11,2,46,Pass,-1,-1,-1,
Check,11,2,51,Pass,-1,-1,-1,
Check,11,2,52,Pass,-1,-1,-1,
Check,11,2,54,Pass,-1,-1,-1,
Check,11,2,58,Pass,-1,-1,-1,
Check,11,2,61,Pass,-1,-1,-1,
Check,11,2,63,Pass,-1,-1,-1,
Check,11,2,64,Pass,-1,-1,-1,
Check,11,2,47,Pass,-1,-1,-1,
Check,11,2,48,Pass,-1,-1,-1,
Check,11,2,53,Pass,-1,-1,-1,
Check,11,2,55,Pass,-1,-1,-1,
Check,11,2,59,Pass,-1,-1,-1,
Check,11,2,65,Pass,-1,-1,-1,
Check,11,2,73,Pass,-1,-1,-1,
Check,11,2,78,Pass,-1,-1,-1,
Check,11,2,222,Pass,-1,-1,-1,
Check,11,2,223,Pass,-1,-1,-1,
Check,11,2,224,Pass,-1,-1,-1,
Check,11,2,225,Pass,-1,-1,-1,
Check,11,2,227,Pass,-1,-1,-1,
Check,11,2,228,Pass,-1,-1,-1,
Check,11,2,229,Pass,-1,-1,-1,
Check,11,2,230,Pass,-1,-1,-1,
Check,11,2,231,Pass,-1,-1,-1,
Check,11,2,1,Pass,-1,-1,-1,
Check,11,2,2,Pass,-1,-1,-1,
Check,11,2,3,Pass,-1,-1,-1,
Check,11,2,4,Pass,-1,-1,-1,
Check,11,2,5,Pass,-1,-1,-1,
Check,11,2,11,Pass,-1,-1,-1,
Check,11,2,15,Pass,-1,-1,-1,
Check,11,2,16,Pass,-1,-1,-1,
Check,11,2,17,Pass,-1,-1,-1,
Check,11,2,18,Pass,-1,-1,-1,
Check,11,2,21,Pass,-1,-1,-1,
Check,11,2,23,Pass,-1,-1,-1,
Check,11,2,24,Pass,-1,-1,-1,
Check,11,2,25,Pass,-1,-1,-1,
Check,11,2,27,Pass,-1,-1,-1,
Check,11,2,28,Pass,-1,-1,-1,
Check,11,2,29,Pass,-1,-1,-1,
Check,11,2,32,Pass,-1,-1,-1,
Check,11,2,33,Pass,-1,-1,-1,
Check,11,2,35,Pass,-1,-1,-1,
Check,11,2,40,Pass,-1,-1,-1,
Check,11,2,42,Pass,-1,-1,-1,
Check,11,2,43,Pass,-1,-1,-1,
Check,11,2,226,Pass,-1,-1,-1,
Check,11,2,6,Pass,-1,-1,-1,
Check,11,2,7,Pass,-1,-1,-1,
Check,11,2,8,Pass,-1,-1,-1,
Check,11,2,9,Pass,-1,-1,-1,
Check,11,2,10,Pass,-1,-1,-1,
Check,11,2,14,Pass,-1,-1,-1,
Check,11,2,22,Pass,-1,-1,-1,
Check,11,2,26,Pass,-1,-1,-1,
Check,11,2,30,Pass,-1,-1,-1,
Check,11,2,34,Pass,-1,-1,-1,
Check,11,2,39,Pass,-1,-1,-1,
Check,11,2,41,Pass,-1,-1,-1,
Check,11,2,12,Pass,-1,-1,-1,
Check,11,2,13,Pass,-1,-1,-1,
Check,11,2,31,Pass,-1,-1,-1,
Check,11,2,36,Pass,-1,-1,-1,
Check,11,2,37,Pass,-1,-1,-1,
Check,11,2,38,Pass,-1,-1,-1,
Check,11,2,221,Pass,-1,-1,-1,
Check,12,1,21,Pass,-1,-1,-1,
Check,12,1,22,Pass,-1,-1,-1,
Check,12,1,23,Pass,-1,-1,-1,
Check,12,1,24,Pass,-1,-1,-1,
Check,12,1,11,Pass,-1,-1,-1,
Check,12,1,17,Pass,-1,-1,-1,
Check,12,1,18,Pass,-1,-1,-1,
Check,12,1,19,Pass,-1,-1,-1,
Check,12,1,12,Pass,-1,-1,-1,
Check,12,1,14,Pass,-1,-1,-1,
Check,12,1,15,Pass,-1,-1,-1,
Check,12,1,16,Pass,-1,-1,-1,
Check,12,1,13,Pass,-1,-1,-1,
Check,12,1,20,Pass,-1,-1,-1,
Check,12,1,10,Pass,-1,-1,-1,
Check,12,1,3,Pass,-1,-1,-1,
Check,12,1,4,Pass,-1,-1,-1,
Check,12,1,5,Pass,-1,-1,-1,
Check,12,1,6,Pass,-1,-1,-1,
Check,12,1,7,Pass,-1,-1,-1,
Check,12,1,8,Pass,-1,-1,-1,
Check,12,1,9,Pass,-1,-1,-1,
Check,12,1,2,Pass,-1,-1,-1,
Check,12,1,1,Pass,-1,-1,-1,
Check,12,1,0,Pass,-1,-1,-1,
Check,12,2,0,Pass,-1,-1,-1,
Check,12,2,50,Pass,-1,-1,-1,
Check,12,2,40,Pass,-1,-1,-1,
Check,12,2,41,Pass,-1,-1,-1,
Check,12,2,42,Pass,-1,-1,-1,
Check,12,2,43,Pass,-1,-1,-1,
Check,12,2,44,Pass,-1,-1,-1,
Check,12,2,45,Pass,-1,-1,-1,
Check,12,2,46,Pass,-1,-1,-1,
Check,12,2,47,Pass,-1,-1,-1,
Check,12,2,48,Pass,-1,-1,-1,
Check,12,2,49,Pass,-1,-1,-1,
Check,12,2,58,Pass,-1,-1,-1,
Check,12,2,59,Pass,-1,-1,-1,
Check,12,2,60,Pass,-1,-1,-1,
Check,12,2,61,Pass,-1,-1,-1,
Check,12,2,62,Pass,-1,-1,-1,
Check,12,2,63,Pass,-1,-1,-1,
Check,12,2,64,Pass,-1,-1,-1,
Check,12,2,57,Pass,-1,-1,-1,
Check,12,2,32,Pass,-1,-1,-1,
Check,12,2,33,Pass,-1,-1,-1,
Check,12,2,36,Pass,-1,-1,-1,
Check,12,2,25,Pass,-1,-1,-1,
Check,12,2,34,Pass,-1,-1,-1,
Check,12,2,27,Pass,-1,-1,-1,
Check,12,2,28,Pass,-1,-1,-1,
Check,12,2,29,Pass,-1,-1,-1,
Check,12,2,37,Pass,-1,-1,-1,
Check,12,2,38,Pass,-1,-1,-1,
Check,12,2,39,Pass,-1,-1,-1,
Check,12,2,26,Pass,-1,-1,-1,
Check,12,2,30,Pass,-1,-1,-1,
Check,12,2,31,Pass,-1,-1,-1,
Check,12,2,35,Pass,-1,-1,-1,
Check,12,2,17,Pass,-1,-1,-1,
Check,12,2,18,Pass,-1,-1,-1,
Check,12,2,19,Pass,-1,-1,-1,
Check,12,2,20,Pass,-1,-1,-1,
Check,12,2,21,Pass,-1,-1,-1,
Check,12,2,22,Pass,-1,-1,-1,
Check,12,2,23,Pass,-1,-1,-1,
Check,12,2,24,Pass,-1,-1,-1,
Check,12,2,55,Pass,-1,-1,-1,
Check,12,2,56,Pass,-1,-1,-1,
Check,12,2,14,Pass,-1,-1,-1,
Check,12,2,15,Pass,-1,-1,-1,
Check,12,2,16,Pass,-1,-1,-1,
Check,12,2,53,Bad,-1,-1,-1,
Check,12,2,54,Bad,-1,-1,-1,
Check,12,2,12,Pass,-1,-1,-1,
Check,12,2,11,Pass,-1,-1,-1,
Check,12,2,13,Pass,-1,-1,-1,
Check,12,2,51,Pass,-1,-1,-1,
Check,12,2,52,Pass,-1,-1,-1,
Check,12,2,7,Pass,-1,-1,-1,
Check,12,2,8,Pass,-1,-1,-1,
Check,12,2,9,Pass,-1,-1,-1,
Check,12,2,10,Pass,-1,-1,-1,
Check,12,2,1,Pass,-1,-1,-1,
Check,12,2,3,Pass,-1,-1,-1,
Check,12,2,4,Pass,-1,-1,-1,
Check,12,2,5,Pass,-1,-1,-1,
Check,12,2,2,Pass,-1,-1,-1,
Check,12,2,6,Pass,-1,-1,-1,
Check,13,1,16,Pass,-1,-1,-1,
Check,13,1,17,Pass,-1,-1,-1,
Check,13,1,18,Pass,-1,-1,-1,
Check,13,1,19,Pass,-1,-1,-1,
Check,13,1,20,Pass,-1,-1,-1,
Check,13,1,0,Pass,-1,-1,-1,
Check,13,1,1,Pass,-1,-1,-1,
Check,13,1,2,Pass,-1,-1,-1,
Check,13,1,10,Pass,-1,-1,-1,
Check,13,1,11,Pass,-1,-1,-1,
Check,13,1,12,Pass,-1,-1,-1,
Check,13,1,13,Pass,-1,-1,-1,
Check,13,1,14,Pass,-1,-1,-1,
Check,13,1,9,Pass,-1,-1,-1,
Check,13,1,15,Pass,-1,-1,-1,
Check,13,1,8,Pass,-1,-1,-1,
Check,13,1,6,Pass,-1,-1,-1,
Check,13,1,7,Pass,-1,-1,-1,
Check,13,1,5,Pass,-1,-1,-1,
Check,13,1,4,Pass,-1,-1,-1,
Check,13,1,3,Pass,-1,-1,-1,
Check,13,2,0,Pass,-1,-1,-1,
Check,13,2,1,Pass,-1,-1,-1,
Check,13,2,40,Pass,-1,-1,-1,
Check,13,2,46,Pass,-1,-1,-1,
Check,13,2,47,Pass,-1,-1,-1,
Check,13,2,50,Pass,-1,-1,-1,
Check,13,2,51,Pass,-1,-1,-1,
Check,13,2,78,Pass,-1,-1,-1,
Check,13,2,82,Pass,-1,-1,-1,
Check,13,2,89,Pass,-1,-1,-1,
Check,13,2,99,Pass,-1,-1,-1,
Check,13,2,91,Pass,-1,-1,-1,
Check,13,2,92,Pass,-1,-1,-1,
Check,13,2,93,Pass,-1,-1,-1,
Check,13,2,94,Pass,-1,-1,-1,
Check,13,2,95,Pass,-1,-1,-1,
Check,13,2,96,Pass,-1,-1,-1,
Check,13,2,97,Pass,-1,-1,-1,
Check,13,2,98,Pass,-1,-1,-1,
Check,13,2,117,Pass,-1,-1,-1,
Check,13,2,118,Pass,-1,-1,-1,
Check,13,2,119,Pass,-1,-1,-1,
Check,13,2,120,Pass,-1,-1,-1,
Check,13,2,121,Pass,-1,-1,-1,
Check,13,2,122,Pass,-1,-1,-1,
Check,13,2,123,Pass,-1,-1,-1,
Check,13,2,124,Pass,-1,-1,-1,
Check,13,2,125,Pass,-1,-1,-1,
Check,13,2,126,Pass,-1,-1,-1,
Check,13,2,127,Pass,-1,-1,-1,
Check,13,2,128,Pass,-1,-1,-1,
Check,13,2,129,Pass,-1,-1,-1,
Check,13,2,105,Pass,-1,-1,-1,
Check,13,2,107,Pass,-1,-1,-1,
Check,13,2,108,Pass,-1,-1,-1,
Check,13,2,109,Pass,-1,-1,-1,
Check,13,2,110,Pass,-1,-1,-1,
Check,13,2,111,Pass,-1,-1,-1,
Check,13,2,112,Pass,-1,-1,-1,
Check,13,2,113,Pass,-1,-1,-1,
Check,13,2,52,Pass,-1,-1,-1,
Check,13,2,55,Pass,-1,-1,-1,
Check,13,2,57,Pass,-1,-1,-1,
Check,13,2,58,Pass,-1,-1,-1,
Check,13,2,61,Pass,-1,-1,-1,
Check,13,2,62,Pass,-1,-1,-1,
Check,13,2,63,Pass,-1,-1,-1,
Check,13,2,64,Pass,-1,-1,-1,
Check,13,2,68,Pass,-1,-1,-1,
Check,13,2,71,Pass,-1,-1,-1,
Check,13,2,72,Pass,-1,-1,-1,
Check,13,2,73,Pass,-1,-1,-1,
Check,13,2,74,Pass,-1,-1,-1,
Check,13,2,76,Pass,-1,-1,-1,
Check,13,2,81,Pass,-1,-1,-1,
Check,13,2,85,Pass,-1,-1,-1,
Check,13,2,86,Pass,-1,-1,-1,
Check,13,2,90,Pass,-1,-1,-1,
Check,13,2,114,Pass,-1,-1,-1,
Check,13,2,115,Pass,-1,-1,-1,
Check,13,2,116,Pass,-1,-1,-1,
Check,13,2,77,Pass,-1,-1,-1,
Check,13,2,53,Pass,-1,-1,-1,
Check,13,2,54,Pass,-1,-1,-1,
Check,13,2,56,Pass,-1,-1,-1,
Check,13,2,65,Pass,-1,-1,-1,
Check,13,2,70,Pass,-1,-1,-1,
Check,13,2,87,Pass,-1,-1,-1,
Check,13,2,88,Pass,-1,-1,-1,
Check,13,2,60,Pass,-1,-1,-1,
Check,13,2,66,Pass,-1,-1,-1,
Check,13,2,69,Pass,-1,-1,-1,
Check,13,2,75,Pass,-1,-1,-1,
Check,13,2,83,Pass,-1,-1,-1,
Check,13,2,2,Pass,-1,-1,-1,
Check,13,2,22,Pass,-1,-1,-1,
Check,13,2,59,Pass,-1,-1,-1,
Check,13,2,67,Pass,-1,-1,-1,
Check,13,2,79,Pass,-1,-1,-1,
Check,13,2,80,Pass,-1,-1,-1,
Check,13,2,84,Pass,-1,-1,-1,
Check,13,2,33,Pass,-1,-1,-1,
Check,13,2,34,Pass,-1,-1,-1,
Check,13,2,35,Pass,-1,-1,-1,
Check,13,2,37,Pass,-1,-1,-1,
Check,13,2,39,Pass,-1,-1,-1,
Check,13,2,45,Pass,-1,-1,-1,
Check,13,2,106,Pass,-1,-1,-1,
Check,13,2,32,Pass,-1,-1,-1,
Check,13,2,36,Pass,-1,-1,-1,
Check,13,2,42,Pass,-1,-1,-1,
Check,13,2,43,Pass,-1,-1,-1,
Check,13,2,44,Pass,-1,-1,-1,
Check,13,2,48,Pass,-1,-1,-1,
Check,13,2,49,Pass,-1,-1,-1,
Check,13,2,38,Pass,-1,-1,-1,
Check,13,2,41,Pass,-1,-1,-1,
Check,13,2,104,Pass,-1,-1,-1,
Check,13,2,24,Pass,-1,-1,-1,
Check,13,2,25,Pass,-1,-1,-1,
Check,13,2,26,Pass,-1,-1,-1,
Check,13,2,27,Pass,-1,-1,-1,
Check,13,2,28,Pass,-1,-1,-1,
Check,13,2,30,Pass,-1,-1,-1,
Check,13,2,31,Pass,-1,-1,-1,
Check,13,2,23,Pass,-1,-1,-1,
Check,13,2,29,Pass,-1,-1,-1,
Check,13,2,102,Pass,-1,-1,-1,
Check,13,2,103,Pass,-1,-1,-1,
Check,13,2,16,Pass,-1,-1,-1,
Check,13,2,17,Pass,-1,-1,-1,
Check,13,2,18,Pass,-1,-1,-1,
Check,13,2,19,Pass,-1,-1,-1,
Check,13,2,20,Pass,-1,-1,-1,
Check,13,2,21,Pass,-1,-1,-1,
Check,13,2,13,Pass,-1,-1,-1,
Check,13,2,14,Pass,-1,-1,-1,
Check,13,2,15,Pass,-1,-1,-1,
Check,13,2,12,Pass,-1,-1,-1,
Check,13,2,101,Pass,-1,-1,-1,
Check,13,2,3,Pass,-1,-1,-1,
Check,13,2,4,Pass,-1,-1,-1,
Check,13,2,5,Pass,-1,-1,-1,
Check,13,2,6,Pass,-1,-1,-1,
Check,13,2,7,Pass,-1,-1,-1,
Check,13,2,8,Pass,-1,-1,-1,
Check,13,2,9,Pass,-1,-1,-1,
Check,13,2,11,Pass,-1,-1,-1,
Check,13,2,10,Pass,-1,-1,-1,
Check,13,2,100,Pass,-1,-1,-1,
Check,14,1,46,Pass,-1,-1,-1,
Check,14,1,47,Pass,-1,-1,-1,
Check,14,1,48,Pass,-1,-1,-1,
Check,14,1,6,Pass,-1,-1,-1,
Check,14,1,7,Pass,-1,-1,-1,
Check,14,1,8,Pass,-1,-1,-1,
Check,14,1,9,Pass,-1,-1,-1,
Check,14,1,10,Pass,-1,-1,-1,
Check,14,1,11,Pass,-1,-1,-1,
Check,14,1,12,Pass,-1,-1,-1,
Check,14,1,13,Pass,-1,-1,-1,
Check,14,1,42,Pass,-1,-1,-1,
Check,14,1,44,Pass,-1,-1,-1,
Check,14,1,28,Pass,-1,-1,-1,
Check,14,1,38,Pass,-1,-1,-1,
Check,14,1,41,Bad,-1,-1,-1,
Check,14,1,43,Bad,-1,-1,-1,
Check,14,2,73,Bad,-1,-1,-1,
Check,14,2,79,Bad,-1,-1,-1,
Check,14,1,39,Pass,-1,-1,-1,
Check,14,1,40,Pass,-1,-1,-1,
Check,14,1,45,Pass,-1,-1,-1,
Check,14,1,4,Pass,-1,-1,-1,
Check,14,1,5,Pass,-1,-1,-1,
Check,14,1,33,Pass,-1,-1,-1,
Check,14,1,34,Pass,-1,-1,-1,
Check,14,1,35,Pass,-1,-1,-1,
Check,14,1,37,Pass,-1,-1,-1,
Check,14,1,29,Pass,-1,-1,-1,
Check,14,1,30,Pass,-1,-1,-1,
Check,14,1,31,Pass,-1,-1,-1,
Check,14,1,32,Pass,-1,-1,-1,
Check,14,1,36,Pass,-1,-1,-1,
Check,14,1,2,Pass,-1,-1,-1,
Check,14,1,3,Pass,-1,-1,-1,
Check,14,1,26,Pass,-1,-1,-1,
Check,14,1,27,Pass,-1,-1,-1,
Check,14,1,23,Pass,-1,-1,-1,
Check,14,1,24,Pass,-1,-1,-1,
Check,14,1,22,Pass,-1,-1,-1,
Check,14,1,25,Pass,-1,-1,-1,
Check,14,1,21,Pass,-1,-1,-1,
Check,14,1,17,Pass,-1,-1,-1,
Check,14,1,19,Pass,-1,-1,-1,
Check,14,1,18,Pass,-1,-1,-1,
Check,14,1,20,Pass,-1,-1,-1,
Check,14,1,0,Pass,-1,-1,-1,
Check,14,1,1,Pass,-1,-1,-1,
Check,14,1,15,Pass,-1,-1,-1,
Check,14,1,16,Pass,-1,-1,-1,
Check,14,1,14,Pass,-1,-1,-1,
Check,14,2,0,Pass,-1,-1,-1,
Check,14,2,1,Pass,-1,-1,-1,
Check,14,2,2,Pass,-1,-1,-1,
Check,14,2,109,Pass,-1,-1,-1,
Check,14,2,87,Pass,-1,-1,-1,
Check,14,2,88,Pass,-1,-1,-1,
Check,14,2,89,Pass,-1,-1,-1,
Check,14,2,130,Pass,-1,-1,-1,
Check,14,2,131,Pass,-1,-1,-1,
Check,14,2,132,Pass,-1,-1,-1,
Check,14,2,116,Pass,-1,-1,-1,
Check,14,2,125,Pass,-1,-1,-1,
Check,14,2,126,Pass,-1,-1,-1,
Check,14,2,127,Pass,-1,-1,-1,
Check,14,2,128,Pass,-1,-1,-1,
Check,14,2,129,Pass,-1,-1,-1,
Check,14,2,72,Pass,-1,-1,-1,
Check,14,2,74,Pass,-1,-1,-1,
Check,14,2,77,Pass,-1,-1,-1,
Check,14,2,80,Pass,-1,-1,-1,
Check,14,2,82,Pass,-1,-1,-1,
Check,14,2,83,Pass,-1,-1,-1,
Check,14,2,84,Pass,-1,-1,-1,
Check,14,2,85,Pass,-1,-1,-1,
Check,14,2,86,Pass,-1,-1,-1,
Check,14,2,69,Pass,-1,-1,-1,
Check,14,2,70,Pass,-1,-1,-1,
Check,14,2,78,Pass,-1,-1,-1,
Check,14,2,81,Pass,-1,-1,-1,
Check,14,2,51,Pass,-1,-1,-1,
Check,14,2,71,Pass,-1,-1,-1,
Check,14,2,75,Pass,-1,-1,-1,
Check,14,2,76,Pass,-1,-1,-1,
Check,14,2,119,Pass,-1,-1,-1,
Check,14,2,120,Pass,-1,-1,-1,
Check,14,2,121,Pass,-1,-1,-1,
Check,14,2,122,Pass,-1,-1,-1,
Check,14,2,123,Pass,-1,-1,-1,
Check,14,2,124,Pass,-1,-1,-1,
Check,14,2,57,Pass,-1,-1,-1,
Check,14,2,59,Pass,-1,-1,-1,
Check,14,2,65,Pass,-1,-1,-1,
Check,14,2,66,Pass,-1,-1,-1,
Check,14,2,67,Pass,-1,-1,-1,
Check,14,2,117,Pass,-1,-1,-1,
Check,14,2,118,Pass,-1,-1,-1,
Check,14,2,62,Pass,-1,-1,-1,
Check,14,2,68,Pass,-1,-1,-1,
Check,14,2,56,Pass,-1,-1,-1,
Check,14,2,58,Pass,-1,-1,-1,
Check,14,2,60,Pass,-1,-1,-1,
Check,14,2,61,Pass,-1,-1,-1,
Check,14,2,63,Pass,-1,-1,-1,
Check,14,2,64,Pass,-1,-1,-1,
Check,14,2,110,Pass,-1,-1,-1,
Check,14,2,111,Pass,-1,-1,-1,
Check,14,2,112,Pass,-1,-1,-1,
Check,14,2,113,Pass,-1,-1,-1,
Check,14,2,114,Pass,-1,-1,-1,
Check,14,2,53,Pass,-1,-1,-1,
Check,14,2,54,Pass,-1,-1,-1,
Check,14,2,55,Pass,-1,-1,-1,
Check,14,2,115,Pass,-1,-1,-1,
Check,14,2,52,Pass,-1,-1,-1,
Check,14,2,102,Pass,-1,-1,-1,
Check,14,2,103,Pass,-1,-1,-1,
Check,14,2,104,Pass,-1,-1,-1,
Check,14,2,105,Pass,-1,-1,-1,
Check,14,2,107,Pass,-1,-1,-1,
Check,14,2,108,Pass,-1,-1,-1,
Check,14,2,30,Pass,-1,-1,-1,
Check,14,2,31,Pass,-1,-1,-1,
Check,14,2,35,Pass,-1,-1,-1,
Check,14,2,36,Pass,-1,-1,-1,
Check,14,2,37,Pass,-1,-1,-1,
Check,14,2,38,Pass,-1,-1,-1,
Check,14,2,39,Pass,-1,-1,-1,
Check,14,2,40,Pass,-1,-1,-1,
Check,14,2,41,Pass,-1,-1,-1,
Check,14,2,44,Pass,-1,-1,-1,
Check,14,2,45,Pass,-1,-1,-1,
Check,14,2,46,Pass,-1,-1,-1,
Check,14,2,47,Pass,-1,-1,-1,
Check,14,2,106,Pass,-1,-1,-1,
Check,14,2,50,Pass,-1,-1,-1,
Check,14,2,32,Pass,-1,-1,-1,
Check,14,2,33,Pass,-1,-1,-1,
Check,14,2,34,Pass,-1,-1,-1,
Check,14,2,42,Pass,-1,-1,-1,
Check,14,2,43,Pass,-1,-1,-1,
Check,14,2,48,Pass,-1,-1,-1,
Check,14,2,49,Pass,-1,-1,-1,
Check,14,2,100,Pass,-1,-1,-1,
Check,14,2,101,Pass,-1,-1,-1,
Check,14,2,15,Pass,-1,-1,-1,
Check,14,2,20,Pass,-1,-1,-1,
Check,14,2,21,Pass,-1,-1,-1,
Check,14,2,22,Pass,-1,-1,-1,
Check,14,2,23,Pass,-1,-1,-1,
Check,14,2,24,Pass,-1,-1,-1,
Check,14,2,25,Pass,-1,-1,-1,
Check,14,2,27,Pass,-1,-1,-1,
Check,14,2,28,Pass,-1,-1,-1,
Check,14,2,99,Pass,-1,-1,-1,
Check,14,2,16,Pass,-1,-1,-1,
Check,14,2,17,Pass,-1,-1,-1,
Check,14,2,18,Pass,-1,-1,-1,
Check,14,2,19,Pass,-1,-1,-1,
Check,14,2,26,Pass,-1,-1,-1,
Check,14,2,29,Pass,-1,-1,-1,
Check,14,2,92,Pass,-1,-1,-1,
Check,14,2,94,Pass,-1,-1,-1,
Check,14,2,95,Pass,-1,-1,-1,
Check,14,2,96,Pass,-1,-1,-1,
Check,14,2,97,Pass,-1,-1,-1,
Check,14,2,3,Pass,-1,-1,-1,
Check,14,2,4,Pass,-1,-1,-1,
Check,14,2,7,Pass,-1,-1,-1,
Check,14,2,8,Pass,-1,-1,-1,
Check,14,2,9,Pass,-1,-1,-1,
Check,14,2,93,Pass,-1,-1,-1,
Check,14,2,98,Pass,-1,-1,-1,
Check,14,2,6,Pass,-1,-1,-1,
Check,14,2,11,Pass,-1,-1,-1,
Check,14,2,13,Pass,-1,-1,-1,
Check,14,2,14,Pass,-1,-1,-1,
Check,14,2,5,Pass,-1,-1,-1,
Check,14,2,10,Pass,-1,-1,-1,
Check,14,2,12,Pass,-1,-1,-1,
Check,14,2,90,Pass,-1,-1,-1,
Check,14,2,91,Pass,-1,-1,-1,
Check,15,1,16,Pass,-1,-1,-1,
Check,15,1,5,Pass,-1,-1,-1,
Check,15,1,14,Pass,-1,-1,-1,
Check,15,1,13,Pass,-1,-1,-1,
Check,15,1,15,Pass,-1,-1,-1,
Check,15,1,4,Pass,-1,-1,-1,
Check,15,1,12,Pass,-1,-1,-1,
Check,15,1,0,Pass,-1,-1,-1,
Check,15,1,1,Pass,-1,-1,-1,
Check,15,1,2,Pass,-1,-1,-1,
Check,15,1,3,Pass,-1,-1,-1,
Check,15,1,6,Pass,-1,-1,-1,
Check,15,1,7,Pass,-1,-1,-1,
Check,15,1,8,Pass,-1,-1,-1,
Check,15,1,9,Pass,-1,-1,-1,
Check,15,1,10,Pass,-1,-1,-1,
Check,15,1,11,Pass,-1,-1,-1,
Check,15,2,0,Pass,-1,-1,-1,
Check,15,2,1,Pass,-1,-1,-1,
Check,15,2,15,Pass,-1,-1,-1,
Check,15,2,18,Pass,-1,-1,-1,
Check,15,2,28,Pass,-1,-1,-1,
Check,15,2,12,Pass,-1,-1,-1,
Check,15,2,13,Pass,-1,-1,-1,
Check,15,2,14,Pass,-1,-1,-1,
Check,15,2,31,Pass,-1,-1,-1,
Check,15,2,32,Pass,-1,-1,-1,
Check,15,2,33,Pass,-1,-1,-1,
Check,15,2,34,Pass,-1,-1,-1,
Check,15,2,35,Pass,-1,-1,-1,
Check,15,2,30,Pass,-1,-1,-1,
Check,15,2,11,Pass,-1,-1,-1,
Check,15,2,7,Pass,-1,-1,-1,
Check,15,2,3,Pass,-1,-1,-1,
Check,15,2,4,Pass,-1,-1,-1,
Check,15,2,5,Pass,-1,-1,-1,
Check,15,2,6,Pass,-1,-1,-1,
Check,15,2,8,Pass,-1,-1,-1,
Check,15,2,9,Pass,-1,-1,-1,
Check,15,2,10,Pass,-1,-1,-1,
Check,15,2,29,Pass,-1,-1,-1,
Check,15,2,27,Pass,-1,-1,-1,
Check,15,2,19,Pass,-1,-1,-1,
Check,15,2,20,Pass,-1,-1,-1,
Check,15,2,21,Pass,-1,-1,-1,
Check,15,2,22,Pass,-1,-1,-1,
Check,15,2,23,Pass,-1,-1,-1,
Check,15,2,24,Pass,-1,-1,-1,
Check,15,2,25,Pass,-1,-1,-1,
Check,15,2,26,Pass,-1,-1,-1,
Check,15,2,2,Pass,-1,-1,-1,
Check,15,2,16,Pass,-1,-1,-1,
Check,15,2,17,Pass,-1,-1,-1,
Check,16,1,1,Pass,-1,-1,-1,
Check,16,1,2,Pass,-1,-1,-1,
Check,16,1,3,Pass,-1,-1,-1,
Check,16,1,11,Pass,-1,-1,-1,
Check,16,1,0,Bad,-1,-1,-1,
Check,16,2,19,Bad,-1,-1,-1,
Check,16,1,10,Pass,-1,-1,-1,
Check,16,1,12,Pass,-1,-1,-1,
Check,16,1,9,Pass,-1,-1,-1,
Check,16,1,7,Pass,-1,-1,-1,
Check,16,1,5,Bad,-1,-1,-1,
Check,16,1,6,Bad,-1,-1,-1,
Check,16,1,8,Pass,-1,-1,-1,
Check,16,1,4,Pass,-1,-1,-1,
Check,16,2,5,Pass,-1,-1,-1,
Check,16,2,8,Pass,-1,-1,-1,
Check,16,2,9,Pass,-1,-1,-1,
Check,16,2,10,Pass,-1,-1,-1,
Check,16,2,11,Pass,-1,-1,-1,
Check,16,2,12,Pass,-1,-1,-1,
Check,16,2,13,Pass,-1,-1,-1,
Check,16,2,14,Pass,-1,-1,-1,
Check,16,2,15,Pass,-1,-1,-1,
Check,16,2,16,Pass,-1,-1,-1,
Check,16,2,20,Pass,-1,-1,-1,
Check,16,2,21,Pass,-1,-1,-1,
Check,16,2,22,Pass,-1,-1,-1,
Check,16,2,23,Pass,-1,-1,-1,
Check,16,2,24,Pass,-1,-1,-1,
Check,16,2,25,Pass,-1,-1,-1,
Check,16,2,26,Pass,-1,-1,-1,
Check,16,2,27,Pass,-1,-1,-1,
Check,16,2,28,Pass,-1,-1,-1,
Check,16,2,29,Pass,-1,-1,-1,
Check,16,2,30,Pass,-1,-1,-1,
Check,16,2,31,Pass,-1,-1,-1,
Check,16,2,32,Pass,-1,-1,-1,
Check,16,2,33,Pass,-1,-1,-1,
Check,16,2,34,Pass,-1,-1,-1,
Check,16,2,35,Pass,-1,-1,-1,
Check,16,2,36,Pass,-1,-1,-1,
Check,16,2,37,Pass,-1,-1,-1,
Check,16,2,38,Pass,-1,-1,-1,
Check,16,2,18,Pass,-1,-1,-1,
Check,16,2,2,Pass,-1,-1,-1,
Check,16,2,1,Pass,-1,-1,-1,
Check,16,2,6,Pass,-1,-1,-1,
Check,16,2,7,Pass,-1,-1,-1,
Check,16,2,0,Pass,-1,-1,-1,
Check,16,2,3,Pass,-1,-1,-1,
Check,16,2,4,Pass,-1,-1,-1,
Check,16,2,17,Pass,-1,-1,-1,
Check,17,1,5,Bad,-1,-1,-1,
Check,17,1,20,Pass,-1,-1,-1,
Check,17,1,10,Pass,-1,-1,-1,
Check,17,1,15,Pass,-1,-1,-1,
Check,17,1,16,Pass,-1,-1,-1,
Check,17,1,19,Pass,-1,-1,-1,
Check,17,1,17,Pass,-1,-1,-1,
Check,17,1,18,Pass,-1,-1,-1,
Check,17,1,4,Pass,-1,-1,-1,
Check,17,1,13,Pass,-1,-1,-1,
Check,17,1,11,Pass,-1,-1,-1,
Check,17,1,12,Pass,-1,-1,-1,
Check,17,1,14,Pass,-1,-1,-1,
Check,17,1,3,Bad,-1,-1,-1,
Check,17,2,18,Bad,-1,-1,-1,
Check,17,2,19,Bad,-1,-1,-1,
Check,17,2,20,Bad,-1,-1,-1,
Check,17,1,9,Pass,-1,-1,-1,
Check,17,1,2,Pass,-1,-1,-1,
Check,17,1,8,Pass,-1,-1,-1,
Check,17,1,1,Pass,-1,-1,-1,
Check,17,1,0,Bad,-1,-1,-1,
Check,17,1,7,Pass,-1,-1,-1,
Check,17,1,6,Pass,-1,-1,-1,
Check,17,2,0,Pass,-1,-1,-1,
Check,17,2,1,Pass,-1,-1,-1,
Check,17,2,14,Pass,-1,-1,-1,
Check,17,2,15,Pass,-1,-1,-1,
Check,17,2,16,Pass,-1,-1,-1,
Check,17,2,17,Pass,-1,-1,-1,
Check,17,2,11,Pass,-1,-1,-1,
Check,17,2,12,Pass,-1,-1,-1,
Check,17,2,13,Pass,-1,-1,-1,
Check,17,2,24,Pass,-1,-1,-1,
Check,17,2,25,Pass,-1,-1,-1,
Check,17,2,21,Pass,-1,-1,-1,
Check,17,2,8,Pass,-1,-1,-1,
Check,17,2,6,Pass,-1,-1,-1,
Check,17,2,9,Pass,-1,-1,-1,
Check,17,2,10,Pass,-1,-1,-1,
Check,17,2,22,Pass,-1,-1,-1,
Check,17,2,23,Pass,-1,-1,-1,
Check,17,2,7,Pass,-1,-1,-1,
Check,17,2,5,Pass,-1,-1,-1,
Check,17,2,4,Pass,-1,-1,-1,
Check,17,2,2,Pass,-1,-1,-1,
Check,17,2,3,Pass,-1,-1,-1,
Check,18,1,10,Bad,-1,-1,-1,
Check,18,1,11,Bad,-1,-1,-1,
Check,18,1,12,Bad,-1,-1,-1,
Check,18,1,13,Bad,-1,-1,-1,
Check,18,2,61,Bad,-1,-1,-1,
Check,18,2,62,Bad,-1,-1,-1,
Check,18,1,85,Pass,-1,-1,-1,
Check,18,1,70,Pass,-1,-1,-1,
Check,18,1,72,Pass,-1,-1,-1,
Check,18,1,76,Pass,-1,-1,-1,
Check,18,1,78,Pass,-1,-1,-1,
Check,18,1,81,Pass,-1,-1,-1,
Check,18,1,52,Pass,-1,-1,-1,
Check,18,1,68,Pass,-1,-1,-1,
Check,18,1,74,Pass,-1,-1,-1,
Check,18,1,75,Pass,-1,-1,-1,
Check,18,1,77,Pass,-1,-1,-1,
Check,18,1,79,Pass,-1,-1,-1,
Check,18,1,80,Pass,-1,-1,-1,
Check,18,1,82,Pass,-1,-1,-1,
Check,18,1,83,Pass,-1,-1,-1,
Check,18,1,43,Pass,-1,-1,-1,
Check,18,1,69,Pass,-1,-1,-1,
Check,18,1,71,Pass,-1,-1,-1,
Check,18,1,73,Pass,-1,-1,-1,
Check,18,1,84,Pass,-1,-1,-1,
Check,18,1,8,Pass,-1,-1,-1,
Check,18,1,9,Pass,-1,-1,-1,
Check,18,1,53,Pass,-1,-1,-1,
Check,18,1,54,Pass,-1,-1,-1,
Check,18,1,56,Pass,-1,-1,-1,
Check,18,1,57,Pass,-1,-1,-1,
Check,18,1,59,Pass,-1,-1,-1,
Check,18,1,61,Pass,-1,-1,-1,
Check,18,1,63,Pass,-1,-1,-1,
Check,18,1,64,Pass,-1,-1,-1,
Check,18,1,65,Pass,-1,-1,-1,
Check,18,1,66,Pass,-1,-1,-1,
Check,18,1,67,Pass,-1,-1,-1,
Check,18,1,55,Pass,-1,-1,-1,
Check,18,1,58,Pass,-1,-1,-1,
Check,18,1,60,Pass,-1,-1,-1,
Check,18,1,62,Pass,-1,-1,-1,
Check,18,1,4,Bad,-1,-1,-1,
Check,18,1,5,Bad,-1,-1,-1,
Check,18,1,6,Bad,-1,-1,-1,
Check,18,1,7,Bad,-1,-1,-1,
Check,18,2,58,Bad,-1,-1,-1,
Check,18,1,46,Bad,-1,-1,-1,
Check,18,1,47,Bad,-1,-1,-1,
Check,18,1,49,Bad,-1,-1,-1,
Check,18,1,50,Bad,-1,-1,-1,
Check,18,2,26,Bad,-1,-1,-1,
Check,18,2,27,Bad,-1,-1,-1,
Check,18,2,30,Bad,-1,-1,-1,
Check,18,1,48,Pass,-1,-1,-1,
Check,18,1,51,Pass,-1,-1,-1,
Check,18,1,3,Pass,-1,-1,-1,
Check,18,1,39,Pass,-1,-1,-1,
Check,18,1,40,Pass,-1,-1,-1,
Check,18,1,41,Pass,-1,-1,-1,
Check,18,1,42,Pass,-1,-1,-1,
Check,18,1,44,Pass,-1,-1,-1,
Check,18,1,36,Pass,-1,-1,-1,
Check,18,1,37,Pass,-1,-1,-1,
Check,18,1,38,Pass,-1,-1,-1,
Check,18,1,45,Pass,-1,-1,-1,
Check,18,1,35,Pass,-1,-1,-1,
Check,18,1,1,Pass,-1,-1,-1,
Check,18,1,2,Pass,-1,-1,-1,
Check,18,1,15,Bad,-1,-1,-1,
Check,18,1,16,Bad,-1,-1,-1,
Check,18,1,17,Bad,-1,-1,-1,
Check,18,1,18,Bad,-1,-1,-1,
Check,18,1,19,Bad,-1,-1,-1,
Check,18,1,20,Bad,-1,-1,-1,
Check,18,1,21,Bad,-1,-1,-1,
Check,18,1,22,Bad,-1,-1,-1,
Check,18,1,23,Bad,-1,-1,-1,
Check,18,1,24,Bad,-1,-1,-1,
Check,18,1,25,Bad,-1,-1,-1,
Check,18,2,5,Bad,-1,-1,-1,
Check,18,1,34,Bad,-1,-1,-1,
Check,18,2,7,Bad,-1,-1,-1,
Check,18,2,8,Bad,-1,-1,-1,
Check,19,1,13,Pass,-1,-1,-1,
Check,19,1,12,Pass,-1,-1,-1,
Check,19,1,14,Pass,-1,-1,-1,
Check,19,1,8,Pass,-1,-1,-1,
Check,19,1,9,Pass,-1,-1,-1,
Check,19,1,10,Pass,-1,-1,-1,
Check,19,1,11,Pass,-1,-1,-1,
Check,19,1,7,Pass,-1,-1,-1,
Check,19,1,0,Pass,-1,-1,-1,
Check,19,1,5,Pass,-1,-1,-1,
Check,19,1,4,Pass,-1,-1,-1,
Check,19,1,6,Pass,-1,-1,-1,
Check,19,1,1,Pass,-1,-1,-1,
Check,19,1,2,Pass,-1,-1,-1,
Check,19,1,3,Pass,-1,-1,-1,
Check,19,2,0,Pass,-1,-1,-1,
Check,19,2,1,Pass,-1,-1,-1,
Check,19,2,13,Pass,-1,-1,-1,
Check,19,2,14,Pass,-1,-1,-1,
Check,19,2,6,Pass,-1,-1,-1,
Check,19,2,7,Pass,-1,-1,-1,
Check,19,2,8,Pass,-1,-1,-1,
Check,19,2,9,Pass,-1,-1,-1,
Check,19,2,10,Pass,-1,-1,-1,
Check,19,2,11,Pass,-1,-1,-1,
Check,19,2,12,Pass,-1,-1,-1,
Check,19,2,23,Pass,-1,-1,-1,
Check,19,2,24,Pass,-1,-1,-1,
Check,19,2,25,Pass,-1,-1,-1,
Check,19,2,26,Pass,-1,-1,-1,
Check,19,2,27,Pass,-1,-1,-1,
Check,19,2,20,Pass,-1,-1,-1,
Check,19,2,3,Pass,-1,-1,-1,
Check,19,2,4,Pass,-1,-1,-1,
Check,19,2,5,Pass,-1,-1,-1,
Check,19,2,21,Pass,-1,-1,-1,
Check,19,2,22,Pass,-1,-1,-1,
Check,19,2,19,Pass,-1,-1,-1,
Check,19,2,2,Bad,-1,-1,-1,
Check,19,2,16,Pass,-1,-1,-1,
Check,19,2,17,Pass,-1,-1,-1,
Check,19,2,18,Pass,-1,-1,-1,
Check,19,2,15,Pass,-1,-1,-1,
Check,20,1,20,Pass,-1,-1,-1,
Check,20,1,21,Pass,-1,-1,-1,
Check,20,1,14,Pass,-1,-1,-1,
Check,20,1,15,Pass,-1,-1,-1,
Check,20,1,17,Pass,-1,-1,-1,
Check,20,1,18,Pass,-1,-1,-1,
Check,20,1,16,Pass,-1,-1,-1,
Check,20,1,19,Pass,-1,-1,-1,
Check,20,1,13,Bad,-1,-1,-1,
Check,20,2,30,Bad,-1,-1,-1,
Check,20,1,9,Bad,-1,-1,-1,
Check,20,1,10,Bad,-1,-1,-1,
Check,20,2,8,Bad,-1,-1,-1,
Check,20,1,12,Pass,-1,-1,-1,
Check,20,1,11,Pass,-1,-1,-1,
Check,20,1,8,Pass,-1,-1,-1,
Check,20,1,6,Pass,-1,-1,-1,
Check,20,1,7,Pass,-1,-1,-1,
Check,20,1,0,Pass,-1,-1,-1,
Check,20,1,1,Pass,-1,-1,-1,
Check,20,1,2,Pass,-1,-1,-1,
Check,20,1,3,Pass,-1,-1,-1,
Check,20,1,4,Pass,-1,-1,-1,
Check,20,1,5,Pass,-1,-1,-1,
Check,20,2,1,Pass,-1,-1,-1,
Check,20,2,2,Pass,-1,-1,-1,
Check,20,2,3,Pass,-1,-1,-1,
Check,20,2,41,Pass,-1,-1,-1,
Check,20,2,56,Pass,-1,-1,-1,
Check,20,2,38,Pass,-1,-1,-1,
Check,20,2,39,Pass,-1,-1,-1,
Check,20,2,40,Pass,-1,-1,-1,
Check,20,2,57,Pass,-1,-1,-1,
Check,20,2,58,Pass,-1,-1,-1,
Check,20,2,47,Pass,-1,-1,-1,
Check,20,2,50,Pass,-1,-1,-1,
Check,20,2,53,Pass,-1,-1,-1,
Check,20,2,54,Pass,-1,-1,-1,
Check,20,2,55,Pass,-1,-1,-1,
Check,20,2,34,Pass,-1,-1,-1,
Check,20,2,35,Pass,-1,-1,-1,
Check,20,2,18,Pass,-1,-1,-1,
Check,20,2,19,Pass,-1,-1,-1,
Check,20,2,24,Pass,-1,-1,-1,
Check,20,2,36,Pass,-1,-1,-1,
Check,20,2,37,Pass,-1,-1,-1,
Check,20,2,51,Pass,-1,-1,-1,
Check,20,2,52,Pass,-1,-1,-1,
Check,20,2,33,Pass,-1,-1,-1,
Check,20,2,31,Pass,-1,-1,-1,
Check,20,2,32,Pass,-1,-1,-1,
Check,20,2,48,Pass,-1,-1,-1,
Check,20,2,49,Pass,-1,-1,-1,
Check,20,2,29,Pass,-1,-1,-1,
Check,20,2,11,Pass,-1,-1,-1,
Check,20,2,46,Pass,-1,-1,-1,
Check,20,2,12,Pass,-1,-1,-1,
Check,20,2,13,Pass,-1,-1,-1,
Check,20,2,14,Pass,-1,-1,-1,
Check,20,2,15,Pass,-1,-1,-1,
Check,20,2,16,Pass,-1,-1,-1,
Check,20,2,17,Pass,-1,-1,-1,
Check,20,2,20,Pass,-1,-1,-1,
Check,20,2,21,Pass,-1,-1,-1,
Check,20,2,22,Pass,-1,-1,-1,
Check,20,2,23,Pass,-1,-1,-1,
Check,20,2,25,Pass,-1,-1,-1,
Check,20,2,26,Pass,-1,-1,-1,
Check,20,2,27,Pass,-1,-1,-1,
Check,20,2,28,Pass,-1,-1,-1,
Check,20,2,45,Pass,-1,-1,-1,
Check,20,2,9,Pass,-1,-1,-1,
Check,20,2,10,Pass,-1,-1,-1,
Check,20,2,44,Pass,-1,-1,-1,
Check,20,2,4,Pass,-1,-1,-1,
Check,20,2,6,Pass,-1,-1,-1,
Check,20,2,7,Pass,-1,-1,-1,
Check,20,2,5,Pass,-1,-1,-1,
Check,20,2,0,Pass,-1,-1,-1,
Check,20,2,42,Pass,-1,-1,-1,
